==================== 2026-10-02T11:54:18.354060Z | 01a0fc77-176f-7591-9506-db12ea2b98f6 ====================
11:54:18.649030 [info ]: 
==================== Execution Summary =====================
Finished 'internal' successfully [294ms]
[0m15:05:03.605913 [debug] [MainThread]: Sending event: {'category': 'dbt', 'action': 'invocation', 'label': 'start', 'context': [<snowplow_tracker.self_describing_json.SelfDescribingJson object at 0x00000145ACA12A80>, <snowplow_tracker.self_describing_json.SelfDescribingJson object at 0x00000145ACA12AB0>, <snowplow_tracker.self_describing_json.SelfDescribingJson object at 0x00000145ACA12A20>]}


============================== 15:05:03.608860 | 1dd4b275-89be-4e31-a32c-cb253464df3f ==============================
[0m15:05:03.608860 [info ] [MainThread]: Running with dbt=1.12.5
[0m15:05:03.638656 [debug] [MainThread]: running dbt with arguments {'maximum_seed_size_mib': '1', 'no_print': 'None', 'version_check': 'True', 'target_path': 'None', 'static_parser': 'True', 'warn_error_options': 'WarnErrorOptionsV2(error=[], warn=[], silence=[])', 'printer_width': '80', 'write_json': 'True', 'empty': 'None', 'log_cache_events': 'False', 'introspect': 'True', 'cache_selected_only': 'False', 'log_format': 'default', 'debug': 'False', 'fail_fast': 'False', 'partial_parse': 'True', 'send_anonymous_usage_stats': 'True', 'quiet': 'False', 'warn_error': 'None', 'profiles_dir': '.', 'invocation_command': 'dbt debug --profiles-dir .', 'hints_enabled': 'True', 'indirect_selection': 'eager', 'use_experimental_parser': 'False', 'use_colors': 'True', 'log_path': 'D:\\NTI - 2026\\projects\\HW_dbtWithDuck\\superstore_airflow_dbt_duckdb\\superstore_pipeline\\dbt_superstore\\logs'}
[0m15:05:03.652893 [info ] [MainThread]: dbt version: 1.12.5
[0m15:05:03.653902 [info ] [MainThread]: python version: 3.12.10
[0m15:05:03.653902 [info ] [MainThread]: python path: D:\NTI - 2026\projects\HW_dbtWithDuck\superstore_airflow_dbt_duckdb\superstore_pipeline\.venv\Scripts\python.exe
[0m15:05:03.654899 [info ] [MainThread]: os info: Windows-11-10.0.26200-SP0
[0m15:05:03.752843 [info ] [MainThread]: Using profiles dir at .
[0m15:05:03.753846 [info ] [MainThread]: Using profiles.yml file at .\profiles.yml
[0m15:05:03.754845 [info ] [MainThread]: Using dbt_project.yml file at D:\NTI - 2026\projects\HW_dbtWithDuck\superstore_airflow_dbt_duckdb\superstore_pipeline\dbt_superstore\dbt_project.yml
[0m15:05:03.757066 [info ] [MainThread]: adapter type: duckdb
[0m15:05:03.758075 [info ] [MainThread]: adapter version: 1.11.0
[0m15:05:03.856150 [info ] [MainThread]: Configuration:
[0m15:05:03.856150 [info ] [MainThread]:   profiles.yml file [[32mOK found and valid[0m]
[0m15:05:03.857151 [info ] [MainThread]:   dbt_project.yml file [[32mOK found and valid[0m]
[0m15:05:03.857151 [info ] [MainThread]: Required dependencies:
[0m15:05:03.857151 [debug] [MainThread]: Executing "git --help"
[0m15:05:03.904413 [debug] [MainThread]: STDOUT: "b"usage: git [-v | --version] [-h | --help] [-C <path>] [-c <name>=<value>]\n           [--exec-path[=<path>]] [--html-path] [--man-path] [--info-path]\n           [-p | --paginate | -P | --no-pager] [--no-replace-objects] [--no-lazy-fetch]\n           [--no-optional-locks] [--no-advice] [--bare] [--git-dir=<path>]\n           [--work-tree=<path>] [--namespace=<name>] [--config-env=<name>=<envvar>]\n           <command> [<args>]\n\nThese are common Git commands used in various situations:\n\nstart a working area (see also: git help tutorial)\n   clone      Clone a repository into a new directory\n   init       Create an empty Git repository or reinitialize an existing one\n\nwork on the current change (see also: git help everyday)\n   add        Add file contents to the index\n   mv         Move or rename a file, a directory, or a symlink\n   restore    Restore working tree files\n   rm         Remove files from the working tree and from the index\n\nexamine the history and state (see also: git help revisions)\n   bisect     Use binary search to find the commit that introduced a bug\n   diff       Show changes between commits, commit and working tree, etc\n   grep       Print lines matching a pattern\n   log        Show commit logs\n   show       Show various types of objects\n   status     Show the working tree status\n\ngrow, mark and tweak your common history\n   backfill   Download missing objects in a partial clone\n   branch     List, create, or delete branches\n   commit     Record changes to the repository\n   history    EXPERIMENTAL: Rewrite history\n   merge      Join two or more development histories together\n   rebase     Reapply commits on top of another base tip\n   reset      Set `HEAD` or the index to a known state\n   switch     Switch branches\n   tag        Create, list, delete or verify tags\n\ncollaborate (see also: git help workflows)\n   fetch      Download objects and refs from another repository\n   pull       Fetch from and integrate with another repository or a local branch\n   push       Update remote refs along with associated objects\n\n'git help -a' and 'git help -g' list available subcommands and some\nconcept guides. See 'git help <command>' or 'git help <concept>'\nto read about a specific subcommand or concept.\nSee 'git help git' for an overview of the system.\n""
[0m15:05:03.904413 [debug] [MainThread]: STDERR: "b''"
[0m15:05:03.905412 [info ] [MainThread]:  - git [[32mOK found[0m]

[0m15:05:03.905412 [info ] [MainThread]: Connection:
[0m15:05:03.905412 [info ] [MainThread]:   database: dev
[0m15:05:03.906690 [info ] [MainThread]:   schema: main
[0m15:05:03.906690 [info ] [MainThread]:   path: ../dev.duckdb
[0m15:05:03.907687 [info ] [MainThread]:   config_options: None
[0m15:05:03.907687 [info ] [MainThread]:   extensions: None
[0m15:05:03.907687 [info ] [MainThread]:   settings: {}
[0m15:05:03.907687 [info ] [MainThread]:   external_root: .
[0m15:05:03.908688 [info ] [MainThread]:   use_credential_provider: None
[0m15:05:03.908688 [info ] [MainThread]:   attach: None
[0m15:05:03.909689 [info ] [MainThread]:   filesystems: None
[0m15:05:03.909689 [info ] [MainThread]:   remote: None
[0m15:05:03.909689 [info ] [MainThread]:   plugins: None
[0m15:05:03.910686 [info ] [MainThread]:   disable_transactions: False
[0m15:05:03.910686 [info ] [MainThread]: Registered adapter: duckdb=1.11.0
[0m15:05:04.142032 [debug] [MainThread]: Acquiring new duckdb connection 'debug'
[0m15:05:04.192479 [debug] [MainThread]: Using duckdb connection "debug"
[0m15:05:04.192479 [debug] [MainThread]: On debug: select 1 as id
[0m15:05:04.192479 [debug] [MainThread]: Opening a new connection, currently in state init
[0m15:05:04.208400 [debug] [MainThread]: SQL status: OK in 0.015 seconds
[0m15:05:04.209394 [debug] [MainThread]: On debug: Close
[0m15:05:04.209394 [info ] [MainThread]:   Connection test: [[32mOK connection ok[0m]

[0m15:05:04.210392 [info ] [MainThread]: [32mAll checks passed![0m
[0m15:05:04.211392 [debug] [MainThread]: Command `dbt debug` succeeded at 15:05:04.211392 after 0.84 seconds
[0m15:05:04.211392 [debug] [MainThread]: Connection 'debug' was properly closed.
[0m15:05:04.211392 [debug] [MainThread]: Sending event: {'category': 'dbt', 'action': 'invocation', 'label': 'end', 'context': [<snowplow_tracker.self_describing_json.SelfDescribingJson object at 0x00000145AA0ADA30>, <snowplow_tracker.self_describing_json.SelfDescribingJson object at 0x00000145AB18F3B0>, <snowplow_tracker.self_describing_json.SelfDescribingJson object at 0x00000145ACA8FA10>]}
[0m15:05:04.212391 [debug] [MainThread]: Flushing usage events
[0m15:05:05.151870 [debug] [MainThread]: An error was encountered while trying to flush usage events
[0m15:05:21.164815 [debug] [MainThread]: Sending event: {'category': 'dbt', 'action': 'invocation', 'label': 'start', 'context': [<snowplow_tracker.self_describing_json.SelfDescribingJson object at 0x00000110FB9894C0>, <snowplow_tracker.self_describing_json.SelfDescribingJson object at 0x00000110FB8B2060>, <snowplow_tracker.self_describing_json.SelfDescribingJson object at 0x00000110FB184CB0>]}


============================== 15:05:21.168345 | e6462adf-bb0e-43bb-89b0-cb80cbbd7ffb ==============================
[0m15:05:21.168345 [info ] [MainThread]: Running with dbt=1.12.5
[0m15:05:21.169367 [debug] [MainThread]: running dbt with arguments {'version_check': 'True', 'no_print': 'None', 'maximum_seed_size_mib': '1', 'warn_error_options': 'WarnErrorOptionsV2(error=[], warn=[], silence=[])', 'static_parser': 'True', 'target_path': 'None', 'printer_width': '80', 'write_json': 'True', 'empty': 'False', 'log_cache_events': 'False', 'introspect': 'True', 'cache_selected_only': 'False', 'fail_fast': 'False', 'debug': 'False', 'log_format': 'default', 'profiles_dir': '.', 'send_anonymous_usage_stats': 'True', 'quiet': 'False', 'warn_error': 'None', 'partial_parse': 'True', 'use_colors': 'True', 'hints_enabled': 'True', 'indirect_selection': 'eager', 'use_experimental_parser': 'False', 'invocation_command': 'dbt build --profiles-dir .', 'log_path': 'D:\\NTI - 2026\\projects\\HW_dbtWithDuck\\superstore_airflow_dbt_duckdb\\superstore_pipeline\\dbt_superstore\\logs'}
[0m15:05:21.410970 [debug] [MainThread]: Sending event: {'category': 'dbt', 'action': 'project_id', 'label': 'e6462adf-bb0e-43bb-89b0-cb80cbbd7ffb', 'context': [<snowplow_tracker.self_describing_json.SelfDescribingJson object at 0x00000110FD4AB620>]}
[0m15:05:21.470276 [debug] [MainThread]: Sending event: {'category': 'dbt', 'action': 'adapter_info', 'label': 'e6462adf-bb0e-43bb-89b0-cb80cbbd7ffb', 'context': [<snowplow_tracker.self_describing_json.SelfDescribingJson object at 0x00000110FBA52F60>]}
[0m15:05:21.472279 [info ] [MainThread]: Registered adapter: duckdb=1.11.0
[0m15:05:21.686226 [debug] [MainThread]: checksum: 901c0af6b1813cd6c43cdfbcc6e9fc9140d41b0d499af91a71613f5fd321d71d, vars: {}, profile: superstore, target: dev, version: 1.12.5
[0m15:05:21.687232 [info ] [MainThread]: Unable to do partial parsing because saved manifest not found. Starting full parse.
[0m15:05:21.687743 [debug] [MainThread]: Sending event: {'category': 'dbt', 'action': 'partial_parser', 'label': 'e6462adf-bb0e-43bb-89b0-cb80cbbd7ffb', 'context': [<snowplow_tracker.self_describing_json.SelfDescribingJson object at 0x00000110FD7A3950>]}
[0m15:05:23.363868 [debug] [MainThread]: Sending event: {'category': 'dbt', 'action': 'load_project', 'label': 'e6462adf-bb0e-43bb-89b0-cb80cbbd7ffb', 'context': [<snowplow_tracker.self_describing_json.SelfDescribingJson object at 0x00000110FDFCC6B0>]}
[0m15:05:23.469784 [debug] [MainThread]: Wrote artifact WritableManifest to D:\NTI - 2026\projects\HW_dbtWithDuck\superstore_airflow_dbt_duckdb\superstore_pipeline\dbt_superstore\target\manifest.json
[0m15:05:23.473792 [debug] [MainThread]: Wrote artifact SemanticManifest to D:\NTI - 2026\projects\HW_dbtWithDuck\superstore_airflow_dbt_duckdb\superstore_pipeline\dbt_superstore\target\semantic_manifest.json
[0m15:05:23.492886 [debug] [MainThread]: Wrote artifact OsiDocument to D:\NTI - 2026\projects\HW_dbtWithDuck\superstore_airflow_dbt_duckdb\superstore_pipeline\dbt_superstore\target\osi_document.json
[0m15:05:23.528873 [debug] [MainThread]: Sending event: {'category': 'dbt', 'action': 'resource_counts', 'label': 'e6462adf-bb0e-43bb-89b0-cb80cbbd7ffb', 'context': [<snowplow_tracker.self_describing_json.SelfDescribingJson object at 0x00000110FDF8A9F0>]}
[0m15:05:23.529888 [info ] [MainThread]: Found 7 models, 23 data tests, 1 source, 500 macros
[0m15:05:23.533399 [info ] [MainThread]: 
[0m15:05:23.533399 [info ] [MainThread]: Concurrency: 4 threads (target='dev')
[0m15:05:23.534419 [info ] [MainThread]: 
[0m15:05:23.535409 [debug] [MainThread]: Acquiring new duckdb connection 'master'
[0m15:05:23.540423 [debug] [ThreadPool]: Acquiring new duckdb connection 'list_dev'
[0m15:05:23.551943 [debug] [ThreadPool]: Acquiring new duckdb connection 'list_dev'
[0m15:05:23.600491 [debug] [ThreadPool]: Using duckdb connection "list_dev"
[0m15:05:23.600491 [debug] [ThreadPool]: Using duckdb connection "list_dev"
[0m15:05:23.601492 [debug] [ThreadPool]: On list_dev: /* {"app": "dbt", "dbt_version": "1.12.5", "profile_name": "superstore", "target_name": "dev", "connection_name": "list_dev"} */

    
    select schema_name
    from system.information_schema.schemata
    
    where lower(catalog_name) = '"dev"'
    
  
  
[0m15:05:23.601492 [debug] [ThreadPool]: On list_dev: /* {"app": "dbt", "dbt_version": "1.12.5", "profile_name": "superstore", "target_name": "dev", "connection_name": "list_dev"} */

    
    select schema_name
    from system.information_schema.schemata
    
    where lower(catalog_name) = '"dev"'
    
  
  
[0m15:05:23.602497 [debug] [ThreadPool]: Opening a new connection, currently in state init
[0m15:05:23.602497 [debug] [ThreadPool]: Opening a new connection, currently in state init
[0m15:05:23.619462 [debug] [ThreadPool]: SQL status: OK in 0.017 seconds
[0m15:05:23.619462 [debug] [ThreadPool]: SQL status: OK in 0.017 seconds
[0m15:05:23.621475 [debug] [ThreadPool]: On list_dev: Close
[0m15:05:23.622718 [debug] [ThreadPool]: On list_dev: Close
[0m15:05:23.623718 [debug] [ThreadPool]: Re-using an available connection from the pool (formerly list_dev, now create_dev_main_dwh)
[0m15:05:23.624732 [debug] [ThreadPool]: Re-using an available connection from the pool (formerly list_dev, now create_dev_main_stg)
[0m15:05:23.625243 [debug] [ThreadPool]: Creating schema "database: "dev"
schema: "main_dwh"
"
[0m15:05:23.625243 [debug] [ThreadPool]: Creating schema "database: "dev"
schema: "main_stg"
"
[0m15:05:23.632380 [debug] [ThreadPool]: Using duckdb connection "create_dev_main_dwh"
[0m15:05:23.633391 [debug] [ThreadPool]: Using duckdb connection "create_dev_main_stg"
[0m15:05:23.634391 [debug] [ThreadPool]: On create_dev_main_dwh: /* {"app": "dbt", "dbt_version": "1.12.5", "profile_name": "superstore", "target_name": "dev", "connection_name": "create_dev_main_dwh"} */

    
        select type from duckdb_databases()
        where lower(database_name)='dev'
        and type != 'duckdb'
    
  
[0m15:05:23.634391 [debug] [ThreadPool]: On create_dev_main_stg: /* {"app": "dbt", "dbt_version": "1.12.5", "profile_name": "superstore", "target_name": "dev", "connection_name": "create_dev_main_stg"} */

    
        select type from duckdb_databases()
        where lower(database_name)='dev'
        and type != 'duckdb'
    
  
[0m15:05:23.635391 [debug] [ThreadPool]: Opening a new connection, currently in state closed
[0m15:05:23.635391 [debug] [ThreadPool]: Opening a new connection, currently in state closed
[0m15:05:23.636391 [debug] [ThreadPool]: SQL status: OK in 0.001 seconds
[0m15:05:23.637928 [debug] [ThreadPool]: Using duckdb connection "create_dev_main_dwh"
[0m15:05:23.637928 [debug] [ThreadPool]: SQL status: OK in 0.003 seconds
[0m15:05:23.637928 [debug] [ThreadPool]: On create_dev_main_dwh: BEGIN
[0m15:05:23.639477 [debug] [ThreadPool]: Using duckdb connection "create_dev_main_stg"
[0m15:05:23.639477 [debug] [ThreadPool]: On create_dev_main_stg: BEGIN
[0m15:05:23.640503 [debug] [ThreadPool]: SQL status: OK in 0.002 seconds
[0m15:05:23.640503 [debug] [ThreadPool]: Using duckdb connection "create_dev_main_dwh"
[0m15:05:23.640503 [debug] [ThreadPool]: On create_dev_main_dwh: /* {"app": "dbt", "dbt_version": "1.12.5", "profile_name": "superstore", "target_name": "dev", "connection_name": "create_dev_main_dwh"} */

    
    
        create schema if not exists "dev"."main_dwh"
    
[0m15:05:23.641492 [debug] [ThreadPool]: SQL status: OK in 0.001 seconds
[0m15:05:23.641492 [debug] [ThreadPool]: Using duckdb connection "create_dev_main_stg"
[0m15:05:23.641492 [debug] [ThreadPool]: On create_dev_main_stg: /* {"app": "dbt", "dbt_version": "1.12.5", "profile_name": "superstore", "target_name": "dev", "connection_name": "create_dev_main_stg"} */

    
    
        create schema if not exists "dev"."main_stg"
    
[0m15:05:23.642503 [debug] [ThreadPool]: SQL status: OK in 0.001 seconds
[0m15:05:23.643514 [debug] [ThreadPool]: On create_dev_main_dwh: COMMIT
[0m15:05:23.643514 [debug] [ThreadPool]: Using duckdb connection "create_dev_main_dwh"
[0m15:05:23.643514 [debug] [ThreadPool]: SQL status: OK in 0.001 seconds
[0m15:05:23.643514 [debug] [ThreadPool]: On create_dev_main_dwh: COMMIT
[0m15:05:23.644514 [debug] [ThreadPool]: On create_dev_main_stg: COMMIT
[0m15:05:23.645514 [debug] [ThreadPool]: Using duckdb connection "create_dev_main_stg"
[0m15:05:23.645514 [debug] [ThreadPool]: On create_dev_main_stg: COMMIT
[0m15:05:23.688795 [debug] [ThreadPool]: SQL status: OK in 0.044 seconds
[0m15:05:23.690107 [debug] [ThreadPool]: On create_dev_main_dwh: Close
[0m15:05:23.711036 [debug] [ThreadPool]: SQL status: OK in 0.065 seconds
[0m15:05:23.711036 [debug] [ThreadPool]: On create_dev_main_stg: Close
[0m15:05:23.713033 [debug] [ThreadPool]: Acquiring new duckdb connection 'list_dev_main_dwh'
[0m15:05:23.718100 [debug] [ThreadPool]: Using duckdb connection "list_dev_main_dwh"
[0m15:05:23.719089 [debug] [ThreadPool]: Acquiring new duckdb connection 'list_dev_main_stg'
[0m15:05:23.719089 [debug] [ThreadPool]: On list_dev_main_dwh: BEGIN
[0m15:05:23.720101 [debug] [ThreadPool]: Using duckdb connection "list_dev_main_stg"
[0m15:05:23.720101 [debug] [ThreadPool]: Opening a new connection, currently in state init
[0m15:05:23.720101 [debug] [ThreadPool]: On list_dev_main_stg: BEGIN
[0m15:05:23.721607 [debug] [ThreadPool]: Opening a new connection, currently in state init
[0m15:05:23.722626 [debug] [ThreadPool]: SQL status: OK in 0.001 seconds
[0m15:05:23.722626 [debug] [ThreadPool]: Using duckdb connection "list_dev_main_dwh"
[0m15:05:23.723614 [debug] [ThreadPool]: SQL status: OK in 0.002 seconds
[0m15:05:23.723614 [debug] [ThreadPool]: On list_dev_main_dwh: /* {"app": "dbt", "dbt_version": "1.12.5", "profile_name": "superstore", "target_name": "dev", "connection_name": "list_dev_main_dwh"} */
select
      'dev' as database,
      table_name as name,
      table_schema as schema,
      CASE table_type
        WHEN 'BASE TABLE' THEN 'table'
        WHEN 'VIEW' THEN 'view'
        WHEN 'LOCAL TEMPORARY' THEN 'table'
        END as type
    from system.information_schema.tables
    where lower(table_schema) = 'main_dwh'
    and lower(table_catalog) = 'dev'
  
[0m15:05:23.724613 [debug] [ThreadPool]: Using duckdb connection "list_dev_main_stg"
[0m15:05:23.724613 [debug] [ThreadPool]: On list_dev_main_stg: /* {"app": "dbt", "dbt_version": "1.12.5", "profile_name": "superstore", "target_name": "dev", "connection_name": "list_dev_main_stg"} */
select
      'dev' as database,
      table_name as name,
      table_schema as schema,
      CASE table_type
        WHEN 'BASE TABLE' THEN 'table'
        WHEN 'VIEW' THEN 'view'
        WHEN 'LOCAL TEMPORARY' THEN 'table'
        END as type
    from system.information_schema.tables
    where lower(table_schema) = 'main_stg'
    and lower(table_catalog) = 'dev'
  
[0m15:05:23.727641 [debug] [ThreadPool]: SQL status: OK in 0.003 seconds
[0m15:05:23.728642 [debug] [ThreadPool]: SQL status: OK in 0.004 seconds
[0m15:05:23.730149 [debug] [ThreadPool]: On list_dev_main_stg: ROLLBACK
[0m15:05:23.731167 [debug] [ThreadPool]: On list_dev_main_dwh: ROLLBACK
[0m15:05:23.731167 [debug] [ThreadPool]: On list_dev_main_stg: Close
[0m15:05:23.732160 [debug] [ThreadPool]: On list_dev_main_dwh: Close
[0m15:05:23.733156 [debug] [MainThread]: Sending event: {'category': 'dbt', 'action': 'runnable_timing', 'label': 'e6462adf-bb0e-43bb-89b0-cb80cbbd7ffb', 'context': [<snowplow_tracker.self_describing_json.SelfDescribingJson object at 0x00000110FF071C70>]}
[0m15:05:23.733156 [debug] [MainThread]: Using duckdb connection "master"
[0m15:05:23.734165 [debug] [MainThread]: On master: BEGIN
[0m15:05:23.734165 [debug] [MainThread]: Opening a new connection, currently in state init
[0m15:05:23.735165 [debug] [MainThread]: SQL status: OK in 0.001 seconds
[0m15:05:23.736208 [debug] [MainThread]: On master: COMMIT
[0m15:05:23.737222 [debug] [MainThread]: Using duckdb connection "master"
[0m15:05:23.737222 [debug] [MainThread]: On master: COMMIT
[0m15:05:23.737222 [debug] [MainThread]: SQL status: OK in 0.000 seconds
[0m15:05:23.738202 [debug] [MainThread]: On master: Close
[0m15:05:23.749835 [debug] [Thread-1 (]: Began running node model.superstore.stg_superstore
[0m15:05:23.749835 [info ] [Thread-1 (]: 1 of 30 START sql view model main_stg.stg_superstore ........................... [RUN]
[0m15:05:23.750838 [debug] [Thread-1 (]: Acquiring new duckdb connection 'model.superstore.stg_superstore'
[0m15:05:23.750838 [debug] [Thread-1 (]: Began compiling node model.superstore.stg_superstore
[0m15:05:23.757861 [debug] [Thread-1 (]: Writing injected SQL for node "model.superstore.stg_superstore"
[0m15:05:23.758873 [debug] [Thread-1 (]: Began executing node model.superstore.stg_superstore
[0m15:05:23.786885 [debug] [Thread-1 (]: Writing runtime sql for node "model.superstore.stg_superstore"
[0m15:05:23.789972 [debug] [Thread-1 (]: Using duckdb connection "model.superstore.stg_superstore"
[0m15:05:23.790963 [debug] [Thread-1 (]: On model.superstore.stg_superstore: BEGIN
[0m15:05:23.790963 [debug] [Thread-1 (]: Opening a new connection, currently in state init
[0m15:05:23.791960 [debug] [Thread-1 (]: SQL status: OK in 0.001 seconds
[0m15:05:23.791960 [debug] [Thread-1 (]: Using duckdb connection "model.superstore.stg_superstore"
[0m15:05:23.792962 [debug] [Thread-1 (]: On model.superstore.stg_superstore: /* {"app": "dbt", "dbt_version": "1.12.5", "profile_name": "superstore", "target_name": "dev", "node_id": "model.superstore.stg_superstore"} */

  
  create view "dev"."main_stg"."stg_superstore__dbt_tmp" as (
    

with source as (
    select * from "dev"."ods"."raw_superstore"
),

renamed as (
    select
        cast("Row ID" as integer) as row_id,
        trim(cast("Order ID" as varchar)) as order_id,
        cast("Order Date" as date) as order_date,
        cast("Ship Date" as date) as ship_date,
        trim(cast("Ship Mode" as varchar)) as ship_mode,
        trim(cast("Customer ID" as varchar)) as customer_id,
        trim(cast("Customer Name" as varchar)) as customer_name,
        trim(cast("Segment" as varchar)) as segment,
        trim(cast("Country" as varchar)) as country,
        trim(cast("City" as varchar)) as city,
        trim(cast("State" as varchar)) as state,
        lpad(cast(cast("Postal Code" as bigint) as varchar), 5, '0') as postal_code,
        trim(cast("Region" as varchar)) as region,
        trim(cast("Product ID" as varchar)) as product_id,
        trim(cast("Category" as varchar)) as category,
        trim(cast("Sub-Category" as varchar)) as sub_category,
        trim(cast("Product Name" as varchar)) as product_name,
        cast("Sales" as decimal(18, 4)) as sales,
        cast("Quantity" as integer) as quantity,
        cast("Discount" as decimal(10, 4)) as discount,
        cast("Profit" as decimal(18, 4)) as profit
    from source
)

select
    *,
    date_diff('day', order_date, ship_date) as shipping_days,
    case when profit > 0 then true else false end as is_profitable,
    case when sales = 0 then null else round(profit / sales, 4) end as profit_margin
from renamed
  );

[0m15:05:23.794959 [debug] [Thread-1 (]: SQL status: OK in 0.002 seconds
[0m15:05:23.799469 [debug] [Thread-1 (]: Using duckdb connection "model.superstore.stg_superstore"
[0m15:05:23.799469 [debug] [Thread-1 (]: On model.superstore.stg_superstore: /* {"app": "dbt", "dbt_version": "1.12.5", "profile_name": "superstore", "target_name": "dev", "node_id": "model.superstore.stg_superstore"} */
alter view "dev"."main_stg"."stg_superstore__dbt_tmp" rename to "stg_superstore"
[0m15:05:23.800485 [debug] [Thread-1 (]: SQL status: OK in 0.000 seconds
[0m15:05:23.888046 [debug] [Thread-1 (]: On model.superstore.stg_superstore: COMMIT
[0m15:05:23.888046 [debug] [Thread-1 (]: Using duckdb connection "model.superstore.stg_superstore"
[0m15:05:23.888046 [debug] [Thread-1 (]: On model.superstore.stg_superstore: COMMIT
[0m15:05:23.898911 [debug] [Thread-1 (]: SQL status: OK in 0.010 seconds
[0m15:05:23.903425 [debug] [Thread-1 (]: Using duckdb connection "model.superstore.stg_superstore"
[0m15:05:23.904427 [debug] [Thread-1 (]: On model.superstore.stg_superstore: /* {"app": "dbt", "dbt_version": "1.12.5", "profile_name": "superstore", "target_name": "dev", "node_id": "model.superstore.stg_superstore"} */

      drop view if exists "dev"."main_stg"."stg_superstore__dbt_backup" cascade
    
[0m15:05:23.904934 [debug] [Thread-1 (]: SQL status: OK in 0.000 seconds
[0m15:05:23.907455 [debug] [Thread-1 (]: On model.superstore.stg_superstore: Close
[0m15:05:23.908464 [debug] [Thread-1 (]: Sending event: {'category': 'dbt', 'action': 'run_model', 'label': 'e6462adf-bb0e-43bb-89b0-cb80cbbd7ffb', 'context': [<snowplow_tracker.self_describing_json.SelfDescribingJson object at 0x00000110FB186CF0>]}
[0m15:05:23.909463 [info ] [Thread-1 (]: 1 of 30 OK created sql view model main_stg.stg_superstore ...................... [[32mOK[0m in 0.16s]
[0m15:05:23.910462 [debug] [Thread-1 (]: Finished running node model.superstore.stg_superstore
[0m15:05:23.911462 [debug] [Thread-3 (]: Began running node test.superstore.not_null_stg_superstore_customer_id.be943af154
[0m15:05:23.912461 [debug] [Thread-4 (]: Began running node test.superstore.not_null_stg_superstore_order_date.cfd79be3ba
[0m15:05:23.912461 [info ] [Thread-3 (]: 2 of 30 START test not_null_stg_superstore_customer_id ......................... [RUN]
[0m15:05:23.914459 [debug] [Thread-3 (]: Acquiring new duckdb connection 'test.superstore.not_null_stg_superstore_customer_id.be943af154'
[0m15:05:23.914459 [debug] [Thread-3 (]: Began compiling node test.superstore.not_null_stg_superstore_customer_id.be943af154
[0m15:05:23.914459 [debug] [Thread-2 (]: Began running node test.superstore.not_null_stg_superstore_order_id.ebbb90b34b
[0m15:05:23.925997 [debug] [Thread-3 (]: Writing injected SQL for node "test.superstore.not_null_stg_superstore_customer_id.be943af154"
[0m15:05:23.925997 [debug] [Thread-1 (]: Began running node test.superstore.not_null_stg_superstore_product_id.cd1f4bba11
[0m15:05:23.913463 [info ] [Thread-4 (]: 3 of 30 START test not_null_stg_superstore_order_date .......................... [RUN]
[0m15:05:23.927507 [info ] [Thread-2 (]: 4 of 30 START test not_null_stg_superstore_order_id ............................ [RUN]
[0m15:05:23.928520 [info ] [Thread-1 (]: 5 of 30 START test not_null_stg_superstore_product_id .......................... [RUN]
[0m15:05:23.929517 [debug] [Thread-4 (]: Acquiring new duckdb connection 'test.superstore.not_null_stg_superstore_order_date.cfd79be3ba'
[0m15:05:23.930519 [debug] [Thread-2 (]: Acquiring new duckdb connection 'test.superstore.not_null_stg_superstore_order_id.ebbb90b34b'
[0m15:05:23.930519 [debug] [Thread-1 (]: Re-using an available connection from the pool (formerly model.superstore.stg_superstore, now test.superstore.not_null_stg_superstore_product_id.cd1f4bba11)
[0m15:05:23.931521 [debug] [Thread-4 (]: Began compiling node test.superstore.not_null_stg_superstore_order_date.cfd79be3ba
[0m15:05:23.931521 [debug] [Thread-2 (]: Began compiling node test.superstore.not_null_stg_superstore_order_id.ebbb90b34b
[0m15:05:23.932564 [debug] [Thread-3 (]: Began executing node test.superstore.not_null_stg_superstore_customer_id.be943af154
[0m15:05:23.932564 [debug] [Thread-1 (]: Began compiling node test.superstore.not_null_stg_superstore_product_id.cd1f4bba11
[0m15:05:23.939080 [debug] [Thread-4 (]: Writing injected SQL for node "test.superstore.not_null_stg_superstore_order_date.cfd79be3ba"
[0m15:05:23.945076 [debug] [Thread-2 (]: Writing injected SQL for node "test.superstore.not_null_stg_superstore_order_id.ebbb90b34b"
[0m15:05:23.963835 [debug] [Thread-3 (]: Writing runtime sql for node "test.superstore.not_null_stg_superstore_customer_id.be943af154"
[0m15:05:23.968842 [debug] [Thread-1 (]: Writing injected SQL for node "test.superstore.not_null_stg_superstore_product_id.cd1f4bba11"
[0m15:05:23.971426 [debug] [Thread-4 (]: Began executing node test.superstore.not_null_stg_superstore_order_date.cfd79be3ba
[0m15:05:23.973986 [debug] [Thread-4 (]: Writing runtime sql for node "test.superstore.not_null_stg_superstore_order_date.cfd79be3ba"
[0m15:05:23.974982 [debug] [Thread-2 (]: Began executing node test.superstore.not_null_stg_superstore_order_id.ebbb90b34b
[0m15:05:23.976981 [debug] [Thread-2 (]: Writing runtime sql for node "test.superstore.not_null_stg_superstore_order_id.ebbb90b34b"
[0m15:05:23.976981 [debug] [Thread-1 (]: Began executing node test.superstore.not_null_stg_superstore_product_id.cd1f4bba11
[0m15:05:23.977974 [debug] [Thread-3 (]: Using duckdb connection "test.superstore.not_null_stg_superstore_customer_id.be943af154"
[0m15:05:23.978976 [debug] [Thread-1 (]: Writing runtime sql for node "test.superstore.not_null_stg_superstore_product_id.cd1f4bba11"
[0m15:05:23.979975 [debug] [Thread-4 (]: Using duckdb connection "test.superstore.not_null_stg_superstore_order_date.cfd79be3ba"
[0m15:05:23.980975 [debug] [Thread-3 (]: On test.superstore.not_null_stg_superstore_customer_id.be943af154: BEGIN
[0m15:05:23.981481 [debug] [Thread-4 (]: On test.superstore.not_null_stg_superstore_order_date.cfd79be3ba: BEGIN
[0m15:05:23.981987 [debug] [Thread-3 (]: Opening a new connection, currently in state init
[0m15:05:23.981987 [debug] [Thread-4 (]: Opening a new connection, currently in state init
[0m15:05:23.982996 [debug] [Thread-2 (]: Using duckdb connection "test.superstore.not_null_stg_superstore_order_id.ebbb90b34b"
[0m15:05:23.982996 [debug] [Thread-1 (]: Using duckdb connection "test.superstore.not_null_stg_superstore_product_id.cd1f4bba11"
[0m15:05:23.984018 [debug] [Thread-2 (]: On test.superstore.not_null_stg_superstore_order_id.ebbb90b34b: BEGIN
[0m15:05:23.984018 [debug] [Thread-3 (]: SQL status: OK in 0.002 seconds
[0m15:05:23.985004 [debug] [Thread-1 (]: On test.superstore.not_null_stg_superstore_product_id.cd1f4bba11: BEGIN
[0m15:05:23.985004 [debug] [Thread-4 (]: SQL status: OK in 0.003 seconds
[0m15:05:23.985004 [debug] [Thread-2 (]: Opening a new connection, currently in state init
[0m15:05:23.986014 [debug] [Thread-3 (]: Using duckdb connection "test.superstore.not_null_stg_superstore_customer_id.be943af154"
[0m15:05:23.987003 [debug] [Thread-1 (]: Opening a new connection, currently in state closed
[0m15:05:23.987003 [debug] [Thread-4 (]: Using duckdb connection "test.superstore.not_null_stg_superstore_order_date.cfd79be3ba"
[0m15:05:23.987003 [debug] [Thread-3 (]: On test.superstore.not_null_stg_superstore_customer_id.be943af154: /* {"app": "dbt", "dbt_version": "1.12.5", "profile_name": "superstore", "target_name": "dev", "node_id": "test.superstore.not_null_stg_superstore_customer_id.be943af154"} */

    
    select
      count(*) as failures,
      count(*) != 0 as should_warn,
      count(*) != 0 as should_error
    from (
      
    
  
    
    



select customer_id
from "dev"."main_stg"."stg_superstore"
where customer_id is null



  
  
      
    ) dbt_internal_test
[0m15:05:23.988514 [debug] [Thread-2 (]: SQL status: OK in 0.003 seconds
[0m15:05:23.989534 [debug] [Thread-4 (]: On test.superstore.not_null_stg_superstore_order_date.cfd79be3ba: /* {"app": "dbt", "dbt_version": "1.12.5", "profile_name": "superstore", "target_name": "dev", "node_id": "test.superstore.not_null_stg_superstore_order_date.cfd79be3ba"} */

    
    select
      count(*) as failures,
      count(*) != 0 as should_warn,
      count(*) != 0 as should_error
    from (
      
    
  
    
    



select order_date
from "dev"."main_stg"."stg_superstore"
where order_date is null



  
  
      
    ) dbt_internal_test
[0m15:05:23.989534 [debug] [Thread-1 (]: SQL status: OK in 0.003 seconds
[0m15:05:23.989534 [debug] [Thread-2 (]: Using duckdb connection "test.superstore.not_null_stg_superstore_order_id.ebbb90b34b"
[0m15:05:23.990534 [debug] [Thread-1 (]: Using duckdb connection "test.superstore.not_null_stg_superstore_product_id.cd1f4bba11"
[0m15:05:23.991542 [debug] [Thread-2 (]: On test.superstore.not_null_stg_superstore_order_id.ebbb90b34b: /* {"app": "dbt", "dbt_version": "1.12.5", "profile_name": "superstore", "target_name": "dev", "node_id": "test.superstore.not_null_stg_superstore_order_id.ebbb90b34b"} */

    
    select
      count(*) as failures,
      count(*) != 0 as should_warn,
      count(*) != 0 as should_error
    from (
      
    
  
    
    



select order_id
from "dev"."main_stg"."stg_superstore"
where order_id is null



  
  
      
    ) dbt_internal_test
[0m15:05:23.992653 [debug] [Thread-1 (]: On test.superstore.not_null_stg_superstore_product_id.cd1f4bba11: /* {"app": "dbt", "dbt_version": "1.12.5", "profile_name": "superstore", "target_name": "dev", "node_id": "test.superstore.not_null_stg_superstore_product_id.cd1f4bba11"} */

    
    select
      count(*) as failures,
      count(*) != 0 as should_warn,
      count(*) != 0 as should_error
    from (
      
    
  
    
    



select product_id
from "dev"."main_stg"."stg_superstore"
where product_id is null



  
  
      
    ) dbt_internal_test
[0m15:05:23.993647 [debug] [Thread-3 (]: SQL status: OK in 0.004 seconds
[0m15:05:23.994642 [debug] [Thread-4 (]: SQL status: OK in 0.004 seconds
[0m15:05:23.998645 [debug] [Thread-4 (]: On test.superstore.not_null_stg_superstore_order_date.cfd79be3ba: ROLLBACK
[0m15:05:23.998645 [debug] [Thread-2 (]: SQL status: OK in 0.004 seconds
[0m15:05:24.000640 [debug] [Thread-3 (]: On test.superstore.not_null_stg_superstore_customer_id.be943af154: ROLLBACK
[0m15:05:24.000640 [debug] [Thread-4 (]: On test.superstore.not_null_stg_superstore_order_date.cfd79be3ba: Close
[0m15:05:24.000640 [debug] [Thread-1 (]: SQL status: OK in 0.006 seconds
[0m15:05:24.003168 [debug] [Thread-2 (]: On test.superstore.not_null_stg_superstore_order_id.ebbb90b34b: ROLLBACK
[0m15:05:24.003168 [debug] [Thread-3 (]: On test.superstore.not_null_stg_superstore_customer_id.be943af154: Close
[0m15:05:24.004674 [info ] [Thread-4 (]: 3 of 30 PASS not_null_stg_superstore_order_date ................................ [[32mPASS[0m in 0.08s]
[0m15:05:24.006698 [debug] [Thread-1 (]: On test.superstore.not_null_stg_superstore_product_id.cd1f4bba11: ROLLBACK
[0m15:05:24.007694 [debug] [Thread-4 (]: Finished running node test.superstore.not_null_stg_superstore_order_date.cfd79be3ba
[0m15:05:24.008702 [debug] [Thread-2 (]: On test.superstore.not_null_stg_superstore_order_id.ebbb90b34b: Close
[0m15:05:24.007694 [info ] [Thread-3 (]: 2 of 30 PASS not_null_stg_superstore_customer_id ............................... [[32mPASS[0m in 0.09s]
[0m15:05:24.008702 [debug] [Thread-4 (]: Began running node test.superstore.not_null_stg_superstore_row_id.a028666c6e
[0m15:05:24.009680 [debug] [Thread-1 (]: On test.superstore.not_null_stg_superstore_product_id.cd1f4bba11: Close
[0m15:05:24.010680 [debug] [Thread-3 (]: Finished running node test.superstore.not_null_stg_superstore_customer_id.be943af154
[0m15:05:24.010680 [info ] [Thread-2 (]: 4 of 30 PASS not_null_stg_superstore_order_id .................................. [[32mPASS[0m in 0.08s]
[0m15:05:24.011682 [debug] [Thread-3 (]: Began running node test.superstore.not_null_stg_superstore_sales.86849a7f58
[0m15:05:24.011682 [info ] [Thread-4 (]: 6 of 30 START test not_null_stg_superstore_row_id .............................. [RUN]
[0m15:05:24.013730 [debug] [Thread-2 (]: Finished running node test.superstore.not_null_stg_superstore_order_id.ebbb90b34b
[0m15:05:24.012683 [info ] [Thread-1 (]: 5 of 30 PASS not_null_stg_superstore_product_id ................................ [[32mPASS[0m in 0.08s]
[0m15:05:24.014728 [debug] [Thread-4 (]: Re-using an available connection from the pool (formerly test.superstore.not_null_stg_superstore_order_date.cfd79be3ba, now test.superstore.not_null_stg_superstore_row_id.a028666c6e)
[0m15:05:24.013730 [info ] [Thread-3 (]: 7 of 30 START test not_null_stg_superstore_sales ............................... [RUN]
[0m15:05:24.015728 [debug] [Thread-2 (]: Began running node test.superstore.unique_stg_superstore_row_id.52fbdc42ed
[0m15:05:24.015728 [debug] [Thread-1 (]: Finished running node test.superstore.not_null_stg_superstore_product_id.cd1f4bba11
[0m15:05:24.016721 [debug] [Thread-4 (]: Began compiling node test.superstore.not_null_stg_superstore_row_id.a028666c6e
[0m15:05:24.016721 [debug] [Thread-3 (]: Re-using an available connection from the pool (formerly test.superstore.not_null_stg_superstore_customer_id.be943af154, now test.superstore.not_null_stg_superstore_sales.86849a7f58)
[0m15:05:24.017730 [info ] [Thread-2 (]: 8 of 30 START test unique_stg_superstore_row_id ................................ [RUN]
[0m15:05:24.024951 [debug] [Thread-4 (]: Writing injected SQL for node "test.superstore.not_null_stg_superstore_row_id.a028666c6e"
[0m15:05:24.025976 [debug] [Thread-3 (]: Began compiling node test.superstore.not_null_stg_superstore_sales.86849a7f58
[0m15:05:24.026965 [debug] [Thread-2 (]: Re-using an available connection from the pool (formerly test.superstore.not_null_stg_superstore_order_id.ebbb90b34b, now test.superstore.unique_stg_superstore_row_id.52fbdc42ed)
[0m15:05:24.033995 [debug] [Thread-3 (]: Writing injected SQL for node "test.superstore.not_null_stg_superstore_sales.86849a7f58"
[0m15:05:24.035009 [debug] [Thread-2 (]: Began compiling node test.superstore.unique_stg_superstore_row_id.52fbdc42ed
[0m15:05:24.043132 [debug] [Thread-2 (]: Writing injected SQL for node "test.superstore.unique_stg_superstore_row_id.52fbdc42ed"
[0m15:05:24.043132 [debug] [Thread-3 (]: Began executing node test.superstore.not_null_stg_superstore_sales.86849a7f58
[0m15:05:24.044646 [debug] [Thread-4 (]: Began executing node test.superstore.not_null_stg_superstore_row_id.a028666c6e
[0m15:05:24.046655 [debug] [Thread-3 (]: Writing runtime sql for node "test.superstore.not_null_stg_superstore_sales.86849a7f58"
[0m15:05:24.048675 [debug] [Thread-4 (]: Writing runtime sql for node "test.superstore.not_null_stg_superstore_row_id.a028666c6e"
[0m15:05:24.049660 [debug] [Thread-2 (]: Began executing node test.superstore.unique_stg_superstore_row_id.52fbdc42ed
[0m15:05:24.051676 [debug] [Thread-2 (]: Writing runtime sql for node "test.superstore.unique_stg_superstore_row_id.52fbdc42ed"
[0m15:05:24.052676 [debug] [Thread-4 (]: Using duckdb connection "test.superstore.not_null_stg_superstore_row_id.a028666c6e"
[0m15:05:24.052676 [debug] [Thread-3 (]: Using duckdb connection "test.superstore.not_null_stg_superstore_sales.86849a7f58"
[0m15:05:24.053656 [debug] [Thread-4 (]: On test.superstore.not_null_stg_superstore_row_id.a028666c6e: BEGIN
[0m15:05:24.053656 [debug] [Thread-3 (]: On test.superstore.not_null_stg_superstore_sales.86849a7f58: BEGIN
[0m15:05:24.054655 [debug] [Thread-4 (]: Opening a new connection, currently in state closed
[0m15:05:24.054655 [debug] [Thread-2 (]: Using duckdb connection "test.superstore.unique_stg_superstore_row_id.52fbdc42ed"
[0m15:05:24.055161 [debug] [Thread-3 (]: Opening a new connection, currently in state closed
[0m15:05:24.055161 [debug] [Thread-2 (]: On test.superstore.unique_stg_superstore_row_id.52fbdc42ed: BEGIN
[0m15:05:24.056175 [debug] [Thread-4 (]: SQL status: OK in 0.002 seconds
[0m15:05:24.056175 [debug] [Thread-2 (]: Opening a new connection, currently in state closed
[0m15:05:24.057179 [debug] [Thread-3 (]: SQL status: OK in 0.002 seconds
[0m15:05:24.057622 [debug] [Thread-4 (]: Using duckdb connection "test.superstore.not_null_stg_superstore_row_id.a028666c6e"
[0m15:05:24.057967 [debug] [Thread-3 (]: Using duckdb connection "test.superstore.not_null_stg_superstore_sales.86849a7f58"
[0m15:05:24.057967 [debug] [Thread-4 (]: On test.superstore.not_null_stg_superstore_row_id.a028666c6e: /* {"app": "dbt", "dbt_version": "1.12.5", "profile_name": "superstore", "target_name": "dev", "node_id": "test.superstore.not_null_stg_superstore_row_id.a028666c6e"} */

    
    select
      count(*) as failures,
      count(*) != 0 as should_warn,
      count(*) != 0 as should_error
    from (
      
    
  
    
    



select row_id
from "dev"."main_stg"."stg_superstore"
where row_id is null



  
  
      
    ) dbt_internal_test
[0m15:05:24.058996 [debug] [Thread-3 (]: On test.superstore.not_null_stg_superstore_sales.86849a7f58: /* {"app": "dbt", "dbt_version": "1.12.5", "profile_name": "superstore", "target_name": "dev", "node_id": "test.superstore.not_null_stg_superstore_sales.86849a7f58"} */

    
    select
      count(*) as failures,
      count(*) != 0 as should_warn,
      count(*) != 0 as should_error
    from (
      
    
  
    
    



select sales
from "dev"."main_stg"."stg_superstore"
where sales is null



  
  
      
    ) dbt_internal_test
[0m15:05:24.058996 [debug] [Thread-2 (]: SQL status: OK in 0.002 seconds
[0m15:05:24.059661 [debug] [Thread-2 (]: Using duckdb connection "test.superstore.unique_stg_superstore_row_id.52fbdc42ed"
[0m15:05:24.059661 [debug] [Thread-2 (]: On test.superstore.unique_stg_superstore_row_id.52fbdc42ed: /* {"app": "dbt", "dbt_version": "1.12.5", "profile_name": "superstore", "target_name": "dev", "node_id": "test.superstore.unique_stg_superstore_row_id.52fbdc42ed"} */

    
    select
      count(*) as failures,
      count(*) != 0 as should_warn,
      count(*) != 0 as should_error
    from (
      
    
  
    
    

select
    row_id as unique_field,
    count(*) as n_records

from "dev"."main_stg"."stg_superstore"
where row_id is not null
group by row_id
having count(*) > 1



  
  
      
    ) dbt_internal_test
[0m15:05:24.061679 [debug] [Thread-4 (]: SQL status: OK in 0.002 seconds
[0m15:05:24.062678 [debug] [Thread-3 (]: SQL status: OK in 0.003 seconds
[0m15:05:24.064680 [debug] [Thread-4 (]: On test.superstore.not_null_stg_superstore_row_id.a028666c6e: ROLLBACK
[0m15:05:24.067216 [debug] [Thread-3 (]: On test.superstore.not_null_stg_superstore_sales.86849a7f58: ROLLBACK
[0m15:05:24.067216 [debug] [Thread-2 (]: SQL status: OK in 0.007 seconds
[0m15:05:24.068227 [debug] [Thread-4 (]: On test.superstore.not_null_stg_superstore_row_id.a028666c6e: Close
[0m15:05:24.069211 [debug] [Thread-3 (]: On test.superstore.not_null_stg_superstore_sales.86849a7f58: Close
[0m15:05:24.070209 [debug] [Thread-2 (]: On test.superstore.unique_stg_superstore_row_id.52fbdc42ed: ROLLBACK
[0m15:05:24.071724 [info ] [Thread-4 (]: 6 of 30 PASS not_null_stg_superstore_row_id .................................... [[32mPASS[0m in 0.06s]
[0m15:05:24.071724 [info ] [Thread-3 (]: 7 of 30 PASS not_null_stg_superstore_sales ..................................... [[32mPASS[0m in 0.06s]
[0m15:05:24.073740 [debug] [Thread-4 (]: Finished running node test.superstore.not_null_stg_superstore_row_id.a028666c6e
[0m15:05:24.073740 [debug] [Thread-3 (]: Finished running node test.superstore.not_null_stg_superstore_sales.86849a7f58
[0m15:05:24.073740 [debug] [Thread-2 (]: On test.superstore.unique_stg_superstore_row_id.52fbdc42ed: Close
[0m15:05:24.074728 [info ] [Thread-2 (]: 8 of 30 PASS unique_stg_superstore_row_id ...................................... [[32mPASS[0m in 0.05s]
[0m15:05:24.075739 [debug] [Thread-2 (]: Finished running node test.superstore.unique_stg_superstore_row_id.52fbdc42ed
[0m15:05:24.076737 [debug] [Thread-1 (]: Began running node model.superstore.agg_monthly_sales
[0m15:05:24.077917 [debug] [Thread-4 (]: Began running node model.superstore.dim_customers
[0m15:05:24.078945 [debug] [Thread-3 (]: Began running node model.superstore.dim_dates
[0m15:05:24.077917 [info ] [Thread-1 (]: 9 of 30 START sql table model main_dwh.agg_monthly_sales ....................... [RUN]
[0m15:05:24.078945 [debug] [Thread-2 (]: Began running node model.superstore.dim_locations
[0m15:05:24.079926 [info ] [Thread-4 (]: 10 of 30 START sql table model main_dwh.dim_customers .......................... [RUN]
[0m15:05:24.081137 [debug] [Thread-1 (]: Re-using an available connection from the pool (formerly test.superstore.not_null_stg_superstore_product_id.cd1f4bba11, now model.superstore.agg_monthly_sales)
[0m15:05:24.079926 [info ] [Thread-3 (]: 11 of 30 START sql table model main_dwh.dim_dates .............................. [RUN]
[0m15:05:24.082156 [debug] [Thread-4 (]: Re-using an available connection from the pool (formerly test.superstore.not_null_stg_superstore_row_id.a028666c6e, now model.superstore.dim_customers)
[0m15:05:24.082661 [debug] [Thread-1 (]: Began compiling node model.superstore.agg_monthly_sales
[0m15:05:24.081137 [info ] [Thread-2 (]: 12 of 30 START sql table model main_dwh.dim_locations .......................... [RUN]
[0m15:05:24.082661 [debug] [Thread-3 (]: Re-using an available connection from the pool (formerly test.superstore.not_null_stg_superstore_sales.86849a7f58, now model.superstore.dim_dates)
[0m15:05:24.083669 [debug] [Thread-4 (]: Began compiling node model.superstore.dim_customers
[0m15:05:24.085176 [debug] [Thread-1 (]: Writing injected SQL for node "model.superstore.agg_monthly_sales"
[0m15:05:24.086185 [debug] [Thread-2 (]: Re-using an available connection from the pool (formerly test.superstore.unique_stg_superstore_row_id.52fbdc42ed, now model.superstore.dim_locations)
[0m15:05:24.086185 [debug] [Thread-3 (]: Began compiling node model.superstore.dim_dates
[0m15:05:24.089712 [debug] [Thread-4 (]: Writing injected SQL for node "model.superstore.dim_customers"
[0m15:05:24.089712 [debug] [Thread-2 (]: Began compiling node model.superstore.dim_locations
[0m15:05:24.092719 [debug] [Thread-3 (]: Writing injected SQL for node "model.superstore.dim_dates"
[0m15:05:24.095707 [debug] [Thread-2 (]: Writing injected SQL for node "model.superstore.dim_locations"
[0m15:05:24.096713 [debug] [Thread-1 (]: Began executing node model.superstore.agg_monthly_sales
[0m15:05:24.096713 [debug] [Thread-4 (]: Began executing node model.superstore.dim_customers
[0m15:05:24.134817 [debug] [Thread-1 (]: Writing runtime sql for node "model.superstore.agg_monthly_sales"
[0m15:05:24.137821 [debug] [Thread-4 (]: Writing runtime sql for node "model.superstore.dim_customers"
[0m15:05:24.138851 [debug] [Thread-3 (]: Began executing node model.superstore.dim_dates
[0m15:05:24.139832 [debug] [Thread-2 (]: Began executing node model.superstore.dim_locations
[0m15:05:24.142355 [debug] [Thread-3 (]: Writing runtime sql for node "model.superstore.dim_dates"
[0m15:05:24.145363 [debug] [Thread-2 (]: Writing runtime sql for node "model.superstore.dim_locations"
[0m15:05:24.146347 [debug] [Thread-4 (]: Using duckdb connection "model.superstore.dim_customers"
[0m15:05:24.146347 [debug] [Thread-4 (]: On model.superstore.dim_customers: BEGIN
[0m15:05:24.147350 [debug] [Thread-4 (]: Opening a new connection, currently in state closed
[0m15:05:24.148344 [debug] [Thread-1 (]: Using duckdb connection "model.superstore.agg_monthly_sales"
[0m15:05:24.148344 [debug] [Thread-1 (]: On model.superstore.agg_monthly_sales: BEGIN
[0m15:05:24.149354 [debug] [Thread-4 (]: SQL status: OK in 0.002 seconds
[0m15:05:24.149354 [debug] [Thread-3 (]: Using duckdb connection "model.superstore.dim_dates"
[0m15:05:24.149354 [debug] [Thread-1 (]: Opening a new connection, currently in state closed
[0m15:05:24.150342 [debug] [Thread-4 (]: Using duckdb connection "model.superstore.dim_customers"
[0m15:05:24.150342 [debug] [Thread-2 (]: Using duckdb connection "model.superstore.dim_locations"
[0m15:05:24.150342 [debug] [Thread-3 (]: On model.superstore.dim_dates: BEGIN
[0m15:05:24.151342 [debug] [Thread-4 (]: On model.superstore.dim_customers: /* {"app": "dbt", "dbt_version": "1.12.5", "profile_name": "superstore", "target_name": "dev", "node_id": "model.superstore.dim_customers"} */

    

    create  table
      "dev"."main_dwh"."dim_customers__dbt_tmp"
  
    
    as (
      

select
    customer_id,
    any_value(customer_name) as customer_name,
    any_value(segment) as segment,
    min(order_date) as first_order_date,
    max(order_date) as most_recent_order_date,
    count(distinct order_id) as number_of_orders,
    round(sum(sales), 2) as lifetime_sales,
    round(sum(profit), 2) as lifetime_profit
from "dev"."main_stg"."stg_superstore"
group by customer_id
    );
    
  
[0m15:05:24.151342 [debug] [Thread-1 (]: SQL status: OK in 0.002 seconds
[0m15:05:24.152632 [debug] [Thread-2 (]: On model.superstore.dim_locations: BEGIN
[0m15:05:24.152632 [debug] [Thread-3 (]: Opening a new connection, currently in state closed
[0m15:05:24.153651 [debug] [Thread-1 (]: Using duckdb connection "model.superstore.agg_monthly_sales"
[0m15:05:24.153651 [debug] [Thread-2 (]: Opening a new connection, currently in state closed
[0m15:05:24.154641 [debug] [Thread-1 (]: On model.superstore.agg_monthly_sales: /* {"app": "dbt", "dbt_version": "1.12.5", "profile_name": "superstore", "target_name": "dev", "node_id": "model.superstore.agg_monthly_sales"} */

    

    create  table
      "dev"."main_dwh"."agg_monthly_sales__dbt_tmp"
  
    
    as (
      

select
    date_trunc('month', order_date) as month,
    region,
    category,
    count(distinct order_id) as orders,
    sum(quantity) as units_sold,
    round(sum(sales), 2) as sales,
    round(sum(profit), 2) as profit,
    round(sum(profit) / nullif(sum(sales), 0), 4) as profit_margin
from "dev"."main_stg"."stg_superstore"
group by 1, 2, 3
    );
    
  
[0m15:05:24.155151 [debug] [Thread-3 (]: SQL status: OK in 0.002 seconds
[0m15:05:24.156163 [debug] [Thread-2 (]: SQL status: OK in 0.002 seconds
[0m15:05:24.156163 [debug] [Thread-3 (]: Using duckdb connection "model.superstore.dim_dates"
[0m15:05:24.157163 [debug] [Thread-2 (]: Using duckdb connection "model.superstore.dim_locations"
[0m15:05:24.157163 [debug] [Thread-3 (]: On model.superstore.dim_dates: /* {"app": "dbt", "dbt_version": "1.12.5", "profile_name": "superstore", "target_name": "dev", "node_id": "model.superstore.dim_dates"} */

    

    create  table
      "dev"."main_dwh"."dim_dates__dbt_tmp"
  
    
    as (
      

with bounds as (
    select min(order_date) as min_date, max(ship_date) as max_date
    from "dev"."main_stg"."stg_superstore"
),
calendar as (
    select cast(d as date) as date_day
    from bounds,
    unnest(generate_series(min_date, max_date, interval 1 day)) as t(d)
)
select
    cast(strftime(date_day, '%Y%m%d') as integer) as date_key,
    date_day,
    year(date_day) as year,
    quarter(date_day) as quarter,
    month(date_day) as month,
    monthname(date_day) as month_name,
    day(date_day) as day_of_month,
    dayofweek(date_day) as day_of_week,
    weekofyear(date_day) as week_of_year
from calendar
    );
    
  
[0m15:05:24.158164 [debug] [Thread-2 (]: On model.superstore.dim_locations: /* {"app": "dbt", "dbt_version": "1.12.5", "profile_name": "superstore", "target_name": "dev", "node_id": "model.superstore.dim_locations"} */

    

    create  table
      "dev"."main_dwh"."dim_locations__dbt_tmp"
  
    
    as (
      

select distinct
    md5(concat_ws('|', country, state, city, coalesce(postal_code, ''), region)) as location_key,
    country,
    state,
    city,
    postal_code,
    region
from "dev"."main_stg"."stg_superstore"
    );
    
  
[0m15:05:24.174805 [debug] [Thread-3 (]: SQL status: OK in 0.016 seconds
[0m15:05:24.177807 [debug] [Thread-3 (]: Using duckdb connection "model.superstore.dim_dates"
[0m15:05:24.178808 [debug] [Thread-3 (]: On model.superstore.dim_dates: /* {"app": "dbt", "dbt_version": "1.12.5", "profile_name": "superstore", "target_name": "dev", "node_id": "model.superstore.dim_dates"} */
alter table "dev"."main_dwh"."dim_dates__dbt_tmp" rename to "dim_dates"
[0m15:05:24.180806 [debug] [Thread-4 (]: SQL status: OK in 0.027 seconds
[0m15:05:24.183311 [debug] [Thread-4 (]: Using duckdb connection "model.superstore.dim_customers"
[0m15:05:24.184318 [debug] [Thread-3 (]: SQL status: OK in 0.004 seconds
[0m15:05:24.184318 [debug] [Thread-4 (]: On model.superstore.dim_customers: /* {"app": "dbt", "dbt_version": "1.12.5", "profile_name": "superstore", "target_name": "dev", "node_id": "model.superstore.dim_customers"} */
alter table "dev"."main_dwh"."dim_customers__dbt_tmp" rename to "dim_customers"
[0m15:05:24.190937 [debug] [Thread-3 (]: On model.superstore.dim_dates: COMMIT
[0m15:05:24.190937 [debug] [Thread-2 (]: SQL status: OK in 0.032 seconds
[0m15:05:24.191940 [debug] [Thread-1 (]: SQL status: OK in 0.035 seconds
[0m15:05:24.191940 [debug] [Thread-3 (]: Using duckdb connection "model.superstore.dim_dates"
[0m15:05:24.191940 [debug] [Thread-4 (]: SQL status: OK in 0.001 seconds
[0m15:05:24.194445 [debug] [Thread-2 (]: Using duckdb connection "model.superstore.dim_locations"
[0m15:05:24.197453 [debug] [Thread-1 (]: Using duckdb connection "model.superstore.agg_monthly_sales"
[0m15:05:24.197453 [debug] [Thread-3 (]: On model.superstore.dim_dates: COMMIT
[0m15:05:24.199452 [debug] [Thread-4 (]: On model.superstore.dim_customers: COMMIT
[0m15:05:24.200962 [debug] [Thread-2 (]: On model.superstore.dim_locations: /* {"app": "dbt", "dbt_version": "1.12.5", "profile_name": "superstore", "target_name": "dev", "node_id": "model.superstore.dim_locations"} */
alter table "dev"."main_dwh"."dim_locations__dbt_tmp" rename to "dim_locations"
[0m15:05:24.201706 [debug] [Thread-1 (]: On model.superstore.agg_monthly_sales: /* {"app": "dbt", "dbt_version": "1.12.5", "profile_name": "superstore", "target_name": "dev", "node_id": "model.superstore.agg_monthly_sales"} */
alter table "dev"."main_dwh"."agg_monthly_sales__dbt_tmp" rename to "agg_monthly_sales"
[0m15:05:24.202738 [debug] [Thread-4 (]: Using duckdb connection "model.superstore.dim_customers"
[0m15:05:24.202738 [debug] [Thread-4 (]: On model.superstore.dim_customers: COMMIT
[0m15:05:24.204256 [debug] [Thread-2 (]: SQL status: OK in 0.001 seconds
[0m15:05:24.204776 [debug] [Thread-1 (]: SQL status: OK in 0.002 seconds
[0m15:05:24.206794 [debug] [Thread-2 (]: On model.superstore.dim_locations: COMMIT
[0m15:05:24.208786 [debug] [Thread-1 (]: On model.superstore.agg_monthly_sales: COMMIT
[0m15:05:24.209844 [debug] [Thread-2 (]: Using duckdb connection "model.superstore.dim_locations"
[0m15:05:24.210781 [debug] [Thread-1 (]: Using duckdb connection "model.superstore.agg_monthly_sales"
[0m15:05:24.210781 [debug] [Thread-2 (]: On model.superstore.dim_locations: COMMIT
[0m15:05:24.210781 [debug] [Thread-1 (]: On model.superstore.agg_monthly_sales: COMMIT
[0m15:05:24.213789 [debug] [Thread-3 (]: SQL status: OK in 0.011 seconds
[0m15:05:24.215311 [debug] [Thread-3 (]: Using duckdb connection "model.superstore.dim_dates"
[0m15:05:24.216320 [debug] [Thread-3 (]: On model.superstore.dim_dates: /* {"app": "dbt", "dbt_version": "1.12.5", "profile_name": "superstore", "target_name": "dev", "node_id": "model.superstore.dim_dates"} */

      drop table if exists "dev"."main_dwh"."dim_dates__dbt_backup" cascade
    
[0m15:05:24.226961 [debug] [Thread-4 (]: SQL status: OK in 0.023 seconds
[0m15:05:24.227961 [debug] [Thread-4 (]: Using duckdb connection "model.superstore.dim_customers"
[0m15:05:24.228960 [debug] [Thread-4 (]: On model.superstore.dim_customers: /* {"app": "dbt", "dbt_version": "1.12.5", "profile_name": "superstore", "target_name": "dev", "node_id": "model.superstore.dim_customers"} */

      drop table if exists "dev"."main_dwh"."dim_customers__dbt_backup" cascade
    
[0m15:05:24.238529 [debug] [Thread-3 (]: SQL status: OK in 0.022 seconds
[0m15:05:24.240529 [debug] [Thread-3 (]: On model.superstore.dim_dates: Close
[0m15:05:24.241528 [debug] [Thread-3 (]: Sending event: {'category': 'dbt', 'action': 'run_model', 'label': 'e6462adf-bb0e-43bb-89b0-cb80cbbd7ffb', 'context': [<snowplow_tracker.self_describing_json.SelfDescribingJson object at 0x00000110FF04F3B0>]}
[0m15:05:24.241528 [debug] [Thread-2 (]: SQL status: OK in 0.030 seconds
[0m15:05:24.243529 [debug] [Thread-2 (]: Using duckdb connection "model.superstore.dim_locations"
[0m15:05:24.242527 [info ] [Thread-3 (]: 11 of 30 OK created sql table model main_dwh.dim_dates ......................... [[32mOK[0m in 0.16s]
[0m15:05:24.244527 [debug] [Thread-2 (]: On model.superstore.dim_locations: /* {"app": "dbt", "dbt_version": "1.12.5", "profile_name": "superstore", "target_name": "dev", "node_id": "model.superstore.dim_locations"} */

      drop table if exists "dev"."main_dwh"."dim_locations__dbt_backup" cascade
    
[0m15:05:24.244527 [debug] [Thread-3 (]: Finished running node model.superstore.dim_dates
[0m15:05:24.245527 [debug] [Thread-3 (]: Began running node model.superstore.dim_products
[0m15:05:24.245527 [info ] [Thread-3 (]: 13 of 30 START sql table model main_dwh.dim_products ........................... [RUN]
[0m15:05:24.246528 [debug] [Thread-3 (]: Re-using an available connection from the pool (formerly model.superstore.dim_dates, now model.superstore.dim_products)
[0m15:05:24.246528 [debug] [Thread-3 (]: Began compiling node model.superstore.dim_products
[0m15:05:24.250698 [debug] [Thread-3 (]: Writing injected SQL for node "model.superstore.dim_products"
[0m15:05:24.251203 [debug] [Thread-1 (]: SQL status: OK in 0.039 seconds
[0m15:05:24.251203 [debug] [Thread-4 (]: SQL status: OK in 0.023 seconds
[0m15:05:24.253208 [debug] [Thread-1 (]: Using duckdb connection "model.superstore.agg_monthly_sales"
[0m15:05:24.253208 [debug] [Thread-2 (]: SQL status: OK in 0.009 seconds
[0m15:05:24.254207 [debug] [Thread-3 (]: Began executing node model.superstore.dim_products
[0m15:05:24.256212 [debug] [Thread-4 (]: On model.superstore.dim_customers: Close
[0m15:05:24.257205 [debug] [Thread-1 (]: On model.superstore.agg_monthly_sales: /* {"app": "dbt", "dbt_version": "1.12.5", "profile_name": "superstore", "target_name": "dev", "node_id": "model.superstore.agg_monthly_sales"} */

      drop table if exists "dev"."main_dwh"."agg_monthly_sales__dbt_backup" cascade
    
[0m15:05:24.258218 [debug] [Thread-2 (]: On model.superstore.dim_locations: Close
[0m15:05:24.261730 [debug] [Thread-3 (]: Writing runtime sql for node "model.superstore.dim_products"
[0m15:05:24.262727 [debug] [Thread-4 (]: Sending event: {'category': 'dbt', 'action': 'run_model', 'label': 'e6462adf-bb0e-43bb-89b0-cb80cbbd7ffb', 'context': [<snowplow_tracker.self_describing_json.SelfDescribingJson object at 0x00000110FDDEBDD0>]}
[0m15:05:24.263719 [debug] [Thread-2 (]: Sending event: {'category': 'dbt', 'action': 'run_model', 'label': 'e6462adf-bb0e-43bb-89b0-cb80cbbd7ffb', 'context': [<snowplow_tracker.self_describing_json.SelfDescribingJson object at 0x00000110FDDEABA0>]}
[0m15:05:24.265719 [debug] [Thread-1 (]: SQL status: OK in 0.003 seconds
[0m15:05:24.265719 [info ] [Thread-4 (]: 10 of 30 OK created sql table model main_dwh.dim_customers ..................... [[32mOK[0m in 0.18s]
[0m15:05:24.268758 [debug] [Thread-1 (]: On model.superstore.agg_monthly_sales: Close
[0m15:05:24.269775 [debug] [Thread-4 (]: Finished running node model.superstore.dim_customers
[0m15:05:24.269775 [debug] [Thread-3 (]: Using duckdb connection "model.superstore.dim_products"
[0m15:05:24.267225 [info ] [Thread-2 (]: 12 of 30 OK created sql table model main_dwh.dim_locations ..................... [[32mOK[0m in 0.18s]
[0m15:05:24.270698 [debug] [Thread-1 (]: Sending event: {'category': 'dbt', 'action': 'run_model', 'label': 'e6462adf-bb0e-43bb-89b0-cb80cbbd7ffb', 'context': [<snowplow_tracker.self_describing_json.SelfDescribingJson object at 0x00000110FDDE8110>]}
[0m15:05:24.270698 [debug] [Thread-4 (]: Began running node model.superstore.fact_sales
[0m15:05:24.271709 [debug] [Thread-3 (]: On model.superstore.dim_products: BEGIN
[0m15:05:24.272712 [debug] [Thread-2 (]: Finished running node model.superstore.dim_locations
[0m15:05:24.272712 [info ] [Thread-1 (]: 9 of 30 OK created sql table model main_dwh.agg_monthly_sales .................. [[32mOK[0m in 0.19s]
[0m15:05:24.273722 [info ] [Thread-4 (]: 14 of 30 START sql table model main_dwh.fact_sales ............................. [RUN]
[0m15:05:24.274707 [debug] [Thread-3 (]: Opening a new connection, currently in state closed
[0m15:05:24.275719 [debug] [Thread-2 (]: Began running node test.superstore.not_null_dim_dates_date_key.8dfe93e348
[0m15:05:24.276715 [debug] [Thread-1 (]: Finished running node model.superstore.agg_monthly_sales
[0m15:05:24.276715 [debug] [Thread-4 (]: Re-using an available connection from the pool (formerly model.superstore.dim_customers, now model.superstore.fact_sales)
[0m15:05:24.277714 [debug] [Thread-1 (]: Began running node test.superstore.unique_dim_dates_date_key.61e1d0726d
[0m15:05:24.277714 [info ] [Thread-2 (]: 15 of 30 START test not_null_dim_dates_date_key ................................ [RUN]
[0m15:05:24.277714 [debug] [Thread-3 (]: SQL status: OK in 0.004 seconds
[0m15:05:24.279219 [debug] [Thread-4 (]: Began compiling node model.superstore.fact_sales
[0m15:05:24.280228 [debug] [Thread-2 (]: Re-using an available connection from the pool (formerly model.superstore.dim_locations, now test.superstore.not_null_dim_dates_date_key.8dfe93e348)
[0m15:05:24.279219 [info ] [Thread-1 (]: 16 of 30 START test unique_dim_dates_date_key .................................. [RUN]
[0m15:05:24.281230 [debug] [Thread-3 (]: Using duckdb connection "model.superstore.dim_products"
[0m15:05:24.283747 [debug] [Thread-4 (]: Writing injected SQL for node "model.superstore.fact_sales"
[0m15:05:24.283747 [debug] [Thread-2 (]: Began compiling node test.superstore.not_null_dim_dates_date_key.8dfe93e348
[0m15:05:24.283747 [debug] [Thread-1 (]: Re-using an available connection from the pool (formerly model.superstore.agg_monthly_sales, now test.superstore.unique_dim_dates_date_key.61e1d0726d)
[0m15:05:24.284775 [debug] [Thread-3 (]: On model.superstore.dim_products: /* {"app": "dbt", "dbt_version": "1.12.5", "profile_name": "superstore", "target_name": "dev", "node_id": "model.superstore.dim_products"} */

    

    create  table
      "dev"."main_dwh"."dim_products__dbt_tmp"
  
    
    as (
      

select
    product_id,
    any_value(product_name) as product_name,
    any_value(category) as category,
    any_value(sub_category) as sub_category
from "dev"."main_stg"."stg_superstore"
group by product_id
    );
    
  
[0m15:05:24.292044 [debug] [Thread-2 (]: Writing injected SQL for node "test.superstore.not_null_dim_dates_date_key.8dfe93e348"
[0m15:05:24.293052 [debug] [Thread-1 (]: Began compiling node test.superstore.unique_dim_dates_date_key.61e1d0726d
[0m15:05:24.300084 [debug] [Thread-1 (]: Writing injected SQL for node "test.superstore.unique_dim_dates_date_key.61e1d0726d"
[0m15:05:24.300615 [debug] [Thread-4 (]: Began executing node model.superstore.fact_sales
[0m15:05:24.303621 [debug] [Thread-4 (]: Writing runtime sql for node "model.superstore.fact_sales"
[0m15:05:24.304620 [debug] [Thread-3 (]: SQL status: OK in 0.012 seconds
[0m15:05:24.306818 [debug] [Thread-3 (]: Using duckdb connection "model.superstore.dim_products"
[0m15:05:24.307830 [debug] [Thread-3 (]: On model.superstore.dim_products: /* {"app": "dbt", "dbt_version": "1.12.5", "profile_name": "superstore", "target_name": "dev", "node_id": "model.superstore.dim_products"} */
alter table "dev"."main_dwh"."dim_products__dbt_tmp" rename to "dim_products"
[0m15:05:24.308829 [debug] [Thread-3 (]: SQL status: OK in 0.000 seconds
[0m15:05:24.309820 [debug] [Thread-3 (]: On model.superstore.dim_products: COMMIT
[0m15:05:24.309820 [debug] [Thread-1 (]: Began executing node test.superstore.unique_dim_dates_date_key.61e1d0726d
[0m15:05:24.309820 [debug] [Thread-2 (]: Began executing node test.superstore.not_null_dim_dates_date_key.8dfe93e348
[0m15:05:24.311337 [debug] [Thread-4 (]: Using duckdb connection "model.superstore.fact_sales"
[0m15:05:24.312366 [debug] [Thread-3 (]: Using duckdb connection "model.superstore.dim_products"
[0m15:05:24.313346 [debug] [Thread-1 (]: Writing runtime sql for node "test.superstore.unique_dim_dates_date_key.61e1d0726d"
[0m15:05:24.316352 [debug] [Thread-2 (]: Writing runtime sql for node "test.superstore.not_null_dim_dates_date_key.8dfe93e348"
[0m15:05:24.316352 [debug] [Thread-4 (]: On model.superstore.fact_sales: BEGIN
[0m15:05:24.317555 [debug] [Thread-3 (]: On model.superstore.dim_products: COMMIT
[0m15:05:24.318555 [debug] [Thread-4 (]: Opening a new connection, currently in state closed
[0m15:05:24.319560 [debug] [Thread-4 (]: SQL status: OK in 0.001 seconds
[0m15:05:24.319560 [debug] [Thread-1 (]: Using duckdb connection "test.superstore.unique_dim_dates_date_key.61e1d0726d"
[0m15:05:24.321080 [debug] [Thread-2 (]: Using duckdb connection "test.superstore.not_null_dim_dates_date_key.8dfe93e348"
[0m15:05:24.321080 [debug] [Thread-4 (]: Using duckdb connection "model.superstore.fact_sales"
[0m15:05:24.322098 [debug] [Thread-1 (]: On test.superstore.unique_dim_dates_date_key.61e1d0726d: BEGIN
[0m15:05:24.322611 [debug] [Thread-2 (]: On test.superstore.not_null_dim_dates_date_key.8dfe93e348: BEGIN
[0m15:05:24.322611 [debug] [Thread-4 (]: On model.superstore.fact_sales: /* {"app": "dbt", "dbt_version": "1.12.5", "profile_name": "superstore", "target_name": "dev", "node_id": "model.superstore.fact_sales"} */

    

    create  table
      "dev"."main_dwh"."fact_sales__dbt_tmp"
  
    
    as (
      

select
    s.row_id as sales_line_id,
    s.order_id,
    cast(strftime(s.order_date, '%Y%m%d') as integer) as order_date_key,
    cast(strftime(s.ship_date, '%Y%m%d') as integer) as ship_date_key,
    s.customer_id,
    s.product_id,
    md5(concat_ws('|', s.country, s.state, s.city, coalesce(s.postal_code, ''), s.region)) as location_key,
    s.ship_mode,
    s.quantity,
    s.discount,
    s.sales,
    s.profit,
    s.profit_margin,
    s.shipping_days,
    s.is_profitable
from "dev"."main_stg"."stg_superstore" s
    );
    
  
[0m15:05:24.323624 [debug] [Thread-1 (]: Opening a new connection, currently in state closed
[0m15:05:24.324613 [debug] [Thread-2 (]: Opening a new connection, currently in state closed
[0m15:05:24.325621 [debug] [Thread-1 (]: SQL status: OK in 0.002 seconds
[0m15:05:24.325621 [debug] [Thread-1 (]: Using duckdb connection "test.superstore.unique_dim_dates_date_key.61e1d0726d"
[0m15:05:24.325621 [debug] [Thread-1 (]: On test.superstore.unique_dim_dates_date_key.61e1d0726d: /* {"app": "dbt", "dbt_version": "1.12.5", "profile_name": "superstore", "target_name": "dev", "node_id": "test.superstore.unique_dim_dates_date_key.61e1d0726d"} */

    
    select
      count(*) as failures,
      count(*) != 0 as should_warn,
      count(*) != 0 as should_error
    from (
      
    
  
    
    

select
    date_key as unique_field,
    count(*) as n_records

from "dev"."main_dwh"."dim_dates"
where date_key is not null
group by date_key
having count(*) > 1



  
  
      
    ) dbt_internal_test
[0m15:05:24.326673 [debug] [Thread-2 (]: SQL status: OK in 0.002 seconds
[0m15:05:24.326673 [debug] [Thread-2 (]: Using duckdb connection "test.superstore.not_null_dim_dates_date_key.8dfe93e348"
[0m15:05:24.327677 [debug] [Thread-2 (]: On test.superstore.not_null_dim_dates_date_key.8dfe93e348: /* {"app": "dbt", "dbt_version": "1.12.5", "profile_name": "superstore", "target_name": "dev", "node_id": "test.superstore.not_null_dim_dates_date_key.8dfe93e348"} */

    
    select
      count(*) as failures,
      count(*) != 0 as should_warn,
      count(*) != 0 as should_error
    from (
      
    
  
    
    



select date_key
from "dev"."main_dwh"."dim_dates"
where date_key is null



  
  
      
    ) dbt_internal_test
[0m15:05:24.329672 [debug] [Thread-3 (]: SQL status: OK in 0.010 seconds
[0m15:05:24.331671 [debug] [Thread-3 (]: Using duckdb connection "model.superstore.dim_products"
[0m15:05:24.332671 [debug] [Thread-3 (]: On model.superstore.dim_products: /* {"app": "dbt", "dbt_version": "1.12.5", "profile_name": "superstore", "target_name": "dev", "node_id": "model.superstore.dim_products"} */

      drop table if exists "dev"."main_dwh"."dim_products__dbt_backup" cascade
    
[0m15:05:24.332671 [debug] [Thread-1 (]: SQL status: OK in 0.006 seconds
[0m15:05:24.332671 [debug] [Thread-2 (]: SQL status: OK in 0.006 seconds
[0m15:05:24.332671 [debug] [Thread-3 (]: SQL status: OK in 0.001 seconds
[0m15:05:24.335411 [debug] [Thread-1 (]: On test.superstore.unique_dim_dates_date_key.61e1d0726d: ROLLBACK
[0m15:05:24.337413 [debug] [Thread-2 (]: On test.superstore.not_null_dim_dates_date_key.8dfe93e348: ROLLBACK
[0m15:05:24.338479 [debug] [Thread-3 (]: On model.superstore.dim_products: Close
[0m15:05:24.339476 [debug] [Thread-1 (]: On test.superstore.unique_dim_dates_date_key.61e1d0726d: Close
[0m15:05:24.340480 [debug] [Thread-3 (]: Sending event: {'category': 'dbt', 'action': 'run_model', 'label': 'e6462adf-bb0e-43bb-89b0-cb80cbbd7ffb', 'context': [<snowplow_tracker.self_describing_json.SelfDescribingJson object at 0x00000110F8FA2AB0>]}
[0m15:05:24.341487 [debug] [Thread-2 (]: On test.superstore.not_null_dim_dates_date_key.8dfe93e348: Close
[0m15:05:24.340480 [info ] [Thread-3 (]: 13 of 30 OK created sql table model main_dwh.dim_products ...................... [[32mOK[0m in 0.09s]
[0m15:05:24.342482 [debug] [Thread-3 (]: Finished running node model.superstore.dim_products
[0m15:05:24.341487 [info ] [Thread-1 (]: 16 of 30 PASS unique_dim_dates_date_key ........................................ [[32mPASS[0m in 0.06s]
[0m15:05:24.343484 [debug] [Thread-3 (]: Began running node test.superstore.not_null_dim_customers_customer_id.dd91cd1c8d
[0m15:05:24.344537 [debug] [Thread-1 (]: Finished running node test.superstore.unique_dim_dates_date_key.61e1d0726d
[0m15:05:24.342482 [info ] [Thread-2 (]: 15 of 30 PASS not_null_dim_dates_date_key ...................................... [[32mPASS[0m in 0.06s]
[0m15:05:24.345546 [debug] [Thread-1 (]: Began running node test.superstore.unique_dim_customers_customer_id.15c9f1e2fd
[0m15:05:24.345546 [info ] [Thread-3 (]: 17 of 30 START test not_null_dim_customers_customer_id ......................... [RUN]
[0m15:05:24.346547 [debug] [Thread-2 (]: Finished running node test.superstore.not_null_dim_dates_date_key.8dfe93e348
[0m15:05:24.347544 [debug] [Thread-3 (]: Re-using an available connection from the pool (formerly model.superstore.dim_products, now test.superstore.not_null_dim_customers_customer_id.dd91cd1c8d)
[0m15:05:24.348553 [debug] [Thread-4 (]: SQL status: OK in 0.023 seconds
[0m15:05:24.348553 [debug] [Thread-2 (]: Began running node test.superstore.not_null_dim_locations_location_key.375a9dc0f3
[0m15:05:24.347544 [info ] [Thread-1 (]: 18 of 30 START test unique_dim_customers_customer_id ........................... [RUN]
[0m15:05:24.349552 [debug] [Thread-3 (]: Began compiling node test.superstore.not_null_dim_customers_customer_id.dd91cd1c8d
[0m15:05:24.351068 [debug] [Thread-4 (]: Using duckdb connection "model.superstore.fact_sales"
[0m15:05:24.353085 [debug] [Thread-1 (]: Re-using an available connection from the pool (formerly test.superstore.unique_dim_dates_date_key.61e1d0726d, now test.superstore.unique_dim_customers_customer_id.15c9f1e2fd)
[0m15:05:24.352081 [info ] [Thread-2 (]: 19 of 30 START test not_null_dim_locations_location_key ........................ [RUN]
[0m15:05:24.359459 [debug] [Thread-3 (]: Writing injected SQL for node "test.superstore.not_null_dim_customers_customer_id.dd91cd1c8d"
[0m15:05:24.359459 [debug] [Thread-4 (]: On model.superstore.fact_sales: /* {"app": "dbt", "dbt_version": "1.12.5", "profile_name": "superstore", "target_name": "dev", "node_id": "model.superstore.fact_sales"} */
alter table "dev"."main_dwh"."fact_sales__dbt_tmp" rename to "fact_sales"
[0m15:05:24.360440 [debug] [Thread-1 (]: Began compiling node test.superstore.unique_dim_customers_customer_id.15c9f1e2fd
[0m15:05:24.361457 [debug] [Thread-2 (]: Re-using an available connection from the pool (formerly test.superstore.not_null_dim_dates_date_key.8dfe93e348, now test.superstore.not_null_dim_locations_location_key.375a9dc0f3)
[0m15:05:24.367499 [debug] [Thread-1 (]: Writing injected SQL for node "test.superstore.unique_dim_customers_customer_id.15c9f1e2fd"
[0m15:05:24.368530 [debug] [Thread-2 (]: Began compiling node test.superstore.not_null_dim_locations_location_key.375a9dc0f3
[0m15:05:24.368530 [debug] [Thread-4 (]: SQL status: OK in 0.007 seconds
[0m15:05:24.375594 [debug] [Thread-2 (]: Writing injected SQL for node "test.superstore.not_null_dim_locations_location_key.375a9dc0f3"
[0m15:05:24.375594 [debug] [Thread-3 (]: Began executing node test.superstore.not_null_dim_customers_customer_id.dd91cd1c8d
[0m15:05:24.377614 [debug] [Thread-4 (]: On model.superstore.fact_sales: COMMIT
[0m15:05:24.379624 [debug] [Thread-3 (]: Writing runtime sql for node "test.superstore.not_null_dim_customers_customer_id.dd91cd1c8d"
[0m15:05:24.380612 [debug] [Thread-1 (]: Began executing node test.superstore.unique_dim_customers_customer_id.15c9f1e2fd
[0m15:05:24.380612 [debug] [Thread-4 (]: Using duckdb connection "model.superstore.fact_sales"
[0m15:05:24.382631 [debug] [Thread-1 (]: Writing runtime sql for node "test.superstore.unique_dim_customers_customer_id.15c9f1e2fd"
[0m15:05:24.384166 [debug] [Thread-4 (]: On model.superstore.fact_sales: COMMIT
[0m15:05:24.384702 [debug] [Thread-2 (]: Began executing node test.superstore.not_null_dim_locations_location_key.375a9dc0f3
[0m15:05:24.384702 [debug] [Thread-3 (]: Using duckdb connection "test.superstore.not_null_dim_customers_customer_id.dd91cd1c8d"
[0m15:05:24.386236 [debug] [Thread-2 (]: Writing runtime sql for node "test.superstore.not_null_dim_locations_location_key.375a9dc0f3"
[0m15:05:24.387753 [debug] [Thread-3 (]: On test.superstore.not_null_dim_customers_customer_id.dd91cd1c8d: BEGIN
[0m15:05:24.388770 [debug] [Thread-3 (]: Opening a new connection, currently in state closed
[0m15:05:24.389776 [debug] [Thread-1 (]: Using duckdb connection "test.superstore.unique_dim_customers_customer_id.15c9f1e2fd"
[0m15:05:24.389776 [debug] [Thread-1 (]: On test.superstore.unique_dim_customers_customer_id.15c9f1e2fd: BEGIN
[0m15:05:24.389776 [debug] [Thread-1 (]: Opening a new connection, currently in state closed
[0m15:05:24.390771 [debug] [Thread-2 (]: Using duckdb connection "test.superstore.not_null_dim_locations_location_key.375a9dc0f3"
[0m15:05:24.390771 [debug] [Thread-2 (]: On test.superstore.not_null_dim_locations_location_key.375a9dc0f3: BEGIN
[0m15:05:24.391768 [debug] [Thread-2 (]: Opening a new connection, currently in state closed
[0m15:05:24.391768 [debug] [Thread-3 (]: SQL status: OK in 0.003 seconds
[0m15:05:24.392772 [debug] [Thread-3 (]: Using duckdb connection "test.superstore.not_null_dim_customers_customer_id.dd91cd1c8d"
[0m15:05:24.392772 [debug] [Thread-3 (]: On test.superstore.not_null_dim_customers_customer_id.dd91cd1c8d: /* {"app": "dbt", "dbt_version": "1.12.5", "profile_name": "superstore", "target_name": "dev", "node_id": "test.superstore.not_null_dim_customers_customer_id.dd91cd1c8d"} */

    
    select
      count(*) as failures,
      count(*) != 0 as should_warn,
      count(*) != 0 as should_error
    from (
      
    
  
    
    



select customer_id
from "dev"."main_dwh"."dim_customers"
where customer_id is null



  
  
      
    ) dbt_internal_test
[0m15:05:24.393770 [debug] [Thread-1 (]: SQL status: OK in 0.004 seconds
[0m15:05:24.394775 [debug] [Thread-2 (]: SQL status: OK in 0.003 seconds
[0m15:05:24.394775 [debug] [Thread-1 (]: Using duckdb connection "test.superstore.unique_dim_customers_customer_id.15c9f1e2fd"
[0m15:05:24.395771 [debug] [Thread-2 (]: Using duckdb connection "test.superstore.not_null_dim_locations_location_key.375a9dc0f3"
[0m15:05:24.395771 [debug] [Thread-1 (]: On test.superstore.unique_dim_customers_customer_id.15c9f1e2fd: /* {"app": "dbt", "dbt_version": "1.12.5", "profile_name": "superstore", "target_name": "dev", "node_id": "test.superstore.unique_dim_customers_customer_id.15c9f1e2fd"} */

    
    select
      count(*) as failures,
      count(*) != 0 as should_warn,
      count(*) != 0 as should_error
    from (
      
    
  
    
    

select
    customer_id as unique_field,
    count(*) as n_records

from "dev"."main_dwh"."dim_customers"
where customer_id is not null
group by customer_id
having count(*) > 1



  
  
      
    ) dbt_internal_test
[0m15:05:24.396769 [debug] [Thread-2 (]: On test.superstore.not_null_dim_locations_location_key.375a9dc0f3: /* {"app": "dbt", "dbt_version": "1.12.5", "profile_name": "superstore", "target_name": "dev", "node_id": "test.superstore.not_null_dim_locations_location_key.375a9dc0f3"} */

    
    select
      count(*) as failures,
      count(*) != 0 as should_warn,
      count(*) != 0 as should_error
    from (
      
    
  
    
    



select location_key
from "dev"."main_dwh"."dim_locations"
where location_key is null



  
  
      
    ) dbt_internal_test
[0m15:05:24.416215 [debug] [Thread-4 (]: SQL status: OK in 0.031 seconds
[0m15:05:24.420289 [debug] [Thread-4 (]: Using duckdb connection "model.superstore.fact_sales"
[0m15:05:24.421277 [debug] [Thread-2 (]: SQL status: OK in 0.024 seconds
[0m15:05:24.421277 [debug] [Thread-3 (]: SQL status: OK in 0.028 seconds
[0m15:05:24.421277 [debug] [Thread-1 (]: SQL status: OK in 0.025 seconds
[0m15:05:24.422396 [debug] [Thread-4 (]: On model.superstore.fact_sales: /* {"app": "dbt", "dbt_version": "1.12.5", "profile_name": "superstore", "target_name": "dev", "node_id": "model.superstore.fact_sales"} */

      drop table if exists "dev"."main_dwh"."fact_sales__dbt_backup" cascade
    
[0m15:05:24.423392 [debug] [Thread-2 (]: On test.superstore.not_null_dim_locations_location_key.375a9dc0f3: ROLLBACK
[0m15:05:24.424390 [debug] [Thread-3 (]: On test.superstore.not_null_dim_customers_customer_id.dd91cd1c8d: ROLLBACK
[0m15:05:24.427264 [debug] [Thread-1 (]: On test.superstore.unique_dim_customers_customer_id.15c9f1e2fd: ROLLBACK
[0m15:05:24.427264 [debug] [Thread-4 (]: SQL status: OK in 0.002 seconds
[0m15:05:24.428793 [debug] [Thread-2 (]: On test.superstore.not_null_dim_locations_location_key.375a9dc0f3: Close
[0m15:05:24.430813 [debug] [Thread-4 (]: On model.superstore.fact_sales: Close
[0m15:05:24.431809 [info ] [Thread-2 (]: 19 of 30 PASS not_null_dim_locations_location_key .............................. [[32mPASS[0m in 0.07s]
[0m15:05:24.430813 [debug] [Thread-1 (]: On test.superstore.unique_dim_customers_customer_id.15c9f1e2fd: Close
[0m15:05:24.430813 [debug] [Thread-3 (]: On test.superstore.not_null_dim_customers_customer_id.dd91cd1c8d: Close
[0m15:05:24.432807 [debug] [Thread-2 (]: Finished running node test.superstore.not_null_dim_locations_location_key.375a9dc0f3
[0m15:05:24.434321 [debug] [Thread-4 (]: Sending event: {'category': 'dbt', 'action': 'run_model', 'label': 'e6462adf-bb0e-43bb-89b0-cb80cbbd7ffb', 'context': [<snowplow_tracker.self_describing_json.SelfDescribingJson object at 0x00000110FDD07C50>]}
[0m15:05:24.434847 [info ] [Thread-1 (]: 18 of 30 PASS unique_dim_customers_customer_id ................................. [[32mPASS[0m in 0.08s]
[0m15:05:24.435859 [debug] [Thread-2 (]: Began running node test.superstore.unique_dim_locations_location_key.9d6de2f887
[0m15:05:24.435859 [info ] [Thread-3 (]: 17 of 30 PASS not_null_dim_customers_customer_id ............................... [[32mPASS[0m in 0.09s]
[0m15:05:24.438387 [debug] [Thread-1 (]: Finished running node test.superstore.unique_dim_customers_customer_id.15c9f1e2fd
[0m15:05:24.437370 [info ] [Thread-4 (]: 14 of 30 OK created sql table model main_dwh.fact_sales ........................ [[32mOK[0m in 0.16s]
[0m15:05:24.439386 [info ] [Thread-2 (]: 20 of 30 START test unique_dim_locations_location_key .......................... [RUN]
[0m15:05:24.439900 [debug] [Thread-3 (]: Finished running node test.superstore.not_null_dim_customers_customer_id.dd91cd1c8d
[0m15:05:24.439900 [debug] [Thread-1 (]: Began running node test.superstore.not_null_dim_products_product_id.c8aba288d1
[0m15:05:24.440914 [debug] [Thread-4 (]: Finished running node model.superstore.fact_sales
[0m15:05:24.440914 [debug] [Thread-2 (]: Re-using an available connection from the pool (formerly test.superstore.not_null_dim_locations_location_key.375a9dc0f3, now test.superstore.unique_dim_locations_location_key.9d6de2f887)
[0m15:05:24.441913 [debug] [Thread-3 (]: Began running node test.superstore.unique_dim_products_product_id.ef7b2a9985
[0m15:05:24.442916 [info ] [Thread-1 (]: 21 of 30 START test not_null_dim_products_product_id ........................... [RUN]
[0m15:05:24.443905 [debug] [Thread-2 (]: Began compiling node test.superstore.unique_dim_locations_location_key.9d6de2f887
[0m15:05:24.443905 [debug] [Thread-4 (]: Began running node test.superstore.not_null_fact_sales_customer_id.39febb61fd
[0m15:05:24.444913 [info ] [Thread-3 (]: 22 of 30 START test unique_dim_products_product_id ............................. [RUN]
[0m15:05:24.445905 [debug] [Thread-1 (]: Re-using an available connection from the pool (formerly test.superstore.unique_dim_customers_customer_id.15c9f1e2fd, now test.superstore.not_null_dim_products_product_id.c8aba288d1)
[0m15:05:24.452947 [debug] [Thread-2 (]: Writing injected SQL for node "test.superstore.unique_dim_locations_location_key.9d6de2f887"
[0m15:05:24.453946 [debug] [Thread-3 (]: Re-using an available connection from the pool (formerly test.superstore.not_null_dim_customers_customer_id.dd91cd1c8d, now test.superstore.unique_dim_products_product_id.ef7b2a9985)
[0m15:05:24.453946 [info ] [Thread-4 (]: 23 of 30 START test not_null_fact_sales_customer_id ............................ [RUN]
[0m15:05:24.455429 [debug] [Thread-1 (]: Began compiling node test.superstore.not_null_dim_products_product_id.c8aba288d1
[0m15:05:24.456428 [debug] [Thread-3 (]: Began compiling node test.superstore.unique_dim_products_product_id.ef7b2a9985
[0m15:05:24.457429 [debug] [Thread-4 (]: Re-using an available connection from the pool (formerly model.superstore.fact_sales, now test.superstore.not_null_fact_sales_customer_id.39febb61fd)
[0m15:05:24.467233 [debug] [Thread-1 (]: Writing injected SQL for node "test.superstore.not_null_dim_products_product_id.c8aba288d1"
[0m15:05:24.467233 [debug] [Thread-2 (]: Began executing node test.superstore.unique_dim_locations_location_key.9d6de2f887
[0m15:05:24.475295 [debug] [Thread-3 (]: Writing injected SQL for node "test.superstore.unique_dim_products_product_id.ef7b2a9985"
[0m15:05:24.476306 [debug] [Thread-4 (]: Began compiling node test.superstore.not_null_fact_sales_customer_id.39febb61fd
[0m15:05:24.478304 [debug] [Thread-2 (]: Writing runtime sql for node "test.superstore.unique_dim_locations_location_key.9d6de2f887"
[0m15:05:24.487449 [debug] [Thread-4 (]: Writing injected SQL for node "test.superstore.not_null_fact_sales_customer_id.39febb61fd"
[0m15:05:24.489466 [debug] [Thread-3 (]: Began executing node test.superstore.unique_dim_products_product_id.ef7b2a9985
[0m15:05:24.489466 [debug] [Thread-1 (]: Began executing node test.superstore.not_null_dim_products_product_id.c8aba288d1
[0m15:05:24.491458 [debug] [Thread-3 (]: Writing runtime sql for node "test.superstore.unique_dim_products_product_id.ef7b2a9985"
[0m15:05:24.493995 [debug] [Thread-1 (]: Writing runtime sql for node "test.superstore.not_null_dim_products_product_id.c8aba288d1"
[0m15:05:24.495002 [debug] [Thread-2 (]: Using duckdb connection "test.superstore.unique_dim_locations_location_key.9d6de2f887"
[0m15:05:24.495989 [debug] [Thread-4 (]: Began executing node test.superstore.not_null_fact_sales_customer_id.39febb61fd
[0m15:05:24.495989 [debug] [Thread-2 (]: On test.superstore.unique_dim_locations_location_key.9d6de2f887: BEGIN
[0m15:05:24.497986 [debug] [Thread-4 (]: Writing runtime sql for node "test.superstore.not_null_fact_sales_customer_id.39febb61fd"
[0m15:05:24.498984 [debug] [Thread-2 (]: Opening a new connection, currently in state closed
[0m15:05:24.499985 [debug] [Thread-3 (]: Using duckdb connection "test.superstore.unique_dim_products_product_id.ef7b2a9985"
[0m15:05:24.499985 [debug] [Thread-3 (]: On test.superstore.unique_dim_products_product_id.ef7b2a9985: BEGIN
[0m15:05:24.501023 [debug] [Thread-3 (]: Opening a new connection, currently in state closed
[0m15:05:24.501023 [debug] [Thread-1 (]: Using duckdb connection "test.superstore.not_null_dim_products_product_id.c8aba288d1"
[0m15:05:24.502027 [debug] [Thread-2 (]: SQL status: OK in 0.003 seconds
[0m15:05:24.502027 [debug] [Thread-1 (]: On test.superstore.not_null_dim_products_product_id.c8aba288d1: BEGIN
[0m15:05:24.502027 [debug] [Thread-4 (]: Using duckdb connection "test.superstore.not_null_fact_sales_customer_id.39febb61fd"
[0m15:05:24.503534 [debug] [Thread-3 (]: SQL status: OK in 0.003 seconds
[0m15:05:24.504057 [debug] [Thread-2 (]: Using duckdb connection "test.superstore.unique_dim_locations_location_key.9d6de2f887"
[0m15:05:24.504057 [debug] [Thread-1 (]: Opening a new connection, currently in state closed
[0m15:05:24.505071 [debug] [Thread-4 (]: On test.superstore.not_null_fact_sales_customer_id.39febb61fd: BEGIN
[0m15:05:24.505071 [debug] [Thread-3 (]: Using duckdb connection "test.superstore.unique_dim_products_product_id.ef7b2a9985"
[0m15:05:24.506081 [debug] [Thread-2 (]: On test.superstore.unique_dim_locations_location_key.9d6de2f887: /* {"app": "dbt", "dbt_version": "1.12.5", "profile_name": "superstore", "target_name": "dev", "node_id": "test.superstore.unique_dim_locations_location_key.9d6de2f887"} */

    
    select
      count(*) as failures,
      count(*) != 0 as should_warn,
      count(*) != 0 as should_error
    from (
      
    
  
    
    

select
    location_key as unique_field,
    count(*) as n_records

from "dev"."main_dwh"."dim_locations"
where location_key is not null
group by location_key
having count(*) > 1



  
  
      
    ) dbt_internal_test
[0m15:05:24.507078 [debug] [Thread-4 (]: Opening a new connection, currently in state closed
[0m15:05:24.507078 [debug] [Thread-3 (]: On test.superstore.unique_dim_products_product_id.ef7b2a9985: /* {"app": "dbt", "dbt_version": "1.12.5", "profile_name": "superstore", "target_name": "dev", "node_id": "test.superstore.unique_dim_products_product_id.ef7b2a9985"} */

    
    select
      count(*) as failures,
      count(*) != 0 as should_warn,
      count(*) != 0 as should_error
    from (
      
    
  
    
    

select
    product_id as unique_field,
    count(*) as n_records

from "dev"."main_dwh"."dim_products"
where product_id is not null
group by product_id
having count(*) > 1



  
  
      
    ) dbt_internal_test
[0m15:05:24.508078 [debug] [Thread-1 (]: SQL status: OK in 0.003 seconds
[0m15:05:24.509090 [debug] [Thread-1 (]: Using duckdb connection "test.superstore.not_null_dim_products_product_id.c8aba288d1"
[0m15:05:24.509090 [debug] [Thread-1 (]: On test.superstore.not_null_dim_products_product_id.c8aba288d1: /* {"app": "dbt", "dbt_version": "1.12.5", "profile_name": "superstore", "target_name": "dev", "node_id": "test.superstore.not_null_dim_products_product_id.c8aba288d1"} */

    
    select
      count(*) as failures,
      count(*) != 0 as should_warn,
      count(*) != 0 as should_error
    from (
      
    
  
    
    



select product_id
from "dev"."main_dwh"."dim_products"
where product_id is null



  
  
      
    ) dbt_internal_test
[0m15:05:24.510079 [debug] [Thread-4 (]: SQL status: OK in 0.003 seconds
[0m15:05:24.511077 [debug] [Thread-4 (]: Using duckdb connection "test.superstore.not_null_fact_sales_customer_id.39febb61fd"
[0m15:05:24.511077 [debug] [Thread-4 (]: On test.superstore.not_null_fact_sales_customer_id.39febb61fd: /* {"app": "dbt", "dbt_version": "1.12.5", "profile_name": "superstore", "target_name": "dev", "node_id": "test.superstore.not_null_fact_sales_customer_id.39febb61fd"} */

    
    select
      count(*) as failures,
      count(*) != 0 as should_warn,
      count(*) != 0 as should_error
    from (
      
    
  
    
    



select customer_id
from "dev"."main_dwh"."fact_sales"
where customer_id is null



  
  
      
    ) dbt_internal_test
[0m15:05:24.512078 [debug] [Thread-2 (]: SQL status: OK in 0.004 seconds
[0m15:05:24.513080 [debug] [Thread-3 (]: SQL status: OK in 0.004 seconds
[0m15:05:24.513080 [debug] [Thread-1 (]: SQL status: OK in 0.003 seconds
[0m15:05:24.513080 [debug] [Thread-4 (]: SQL status: OK in 0.001 seconds
[0m15:05:24.515364 [debug] [Thread-2 (]: On test.superstore.unique_dim_locations_location_key.9d6de2f887: ROLLBACK
[0m15:05:24.516360 [debug] [Thread-3 (]: On test.superstore.unique_dim_products_product_id.ef7b2a9985: ROLLBACK
[0m15:05:24.518353 [debug] [Thread-1 (]: On test.superstore.not_null_dim_products_product_id.c8aba288d1: ROLLBACK
[0m15:05:24.519355 [debug] [Thread-4 (]: On test.superstore.not_null_fact_sales_customer_id.39febb61fd: ROLLBACK
[0m15:05:24.520867 [debug] [Thread-3 (]: On test.superstore.unique_dim_products_product_id.ef7b2a9985: Close
[0m15:05:24.521880 [debug] [Thread-2 (]: On test.superstore.unique_dim_locations_location_key.9d6de2f887: Close
[0m15:05:24.522875 [debug] [Thread-4 (]: On test.superstore.not_null_fact_sales_customer_id.39febb61fd: Close
[0m15:05:24.522875 [debug] [Thread-1 (]: On test.superstore.not_null_dim_products_product_id.c8aba288d1: Close
[0m15:05:24.522875 [info ] [Thread-3 (]: 22 of 30 PASS unique_dim_products_product_id ................................... [[32mPASS[0m in 0.07s]
[0m15:05:24.524879 [info ] [Thread-2 (]: 20 of 30 PASS unique_dim_locations_location_key ................................ [[32mPASS[0m in 0.08s]
[0m15:05:24.524879 [info ] [Thread-4 (]: 23 of 30 PASS not_null_fact_sales_customer_id .................................. [[32mPASS[0m in 0.07s]
[0m15:05:24.526666 [debug] [Thread-3 (]: Finished running node test.superstore.unique_dim_products_product_id.ef7b2a9985
[0m15:05:24.524879 [info ] [Thread-1 (]: 21 of 30 PASS not_null_dim_products_product_id ................................. [[32mPASS[0m in 0.08s]
[0m15:05:24.527679 [debug] [Thread-2 (]: Finished running node test.superstore.unique_dim_locations_location_key.9d6de2f887
[0m15:05:24.527679 [debug] [Thread-4 (]: Finished running node test.superstore.not_null_fact_sales_customer_id.39febb61fd
[0m15:05:24.527679 [debug] [Thread-3 (]: Began running node test.superstore.not_null_fact_sales_location_key.7da02be8cc
[0m15:05:24.528675 [debug] [Thread-1 (]: Finished running node test.superstore.not_null_dim_products_product_id.c8aba288d1
[0m15:05:24.528675 [debug] [Thread-2 (]: Began running node test.superstore.not_null_fact_sales_product_id.39101802a8
[0m15:05:24.529676 [debug] [Thread-4 (]: Began running node test.superstore.not_null_fact_sales_sales_line_id.2c2eedaeb9
[0m15:05:24.530673 [debug] [Thread-1 (]: Began running node test.superstore.relationships_fact_sales_customer_id__customer_id__ref_dim_customers_.540baa6d47
[0m15:05:24.529676 [info ] [Thread-3 (]: 24 of 30 START test not_null_fact_sales_location_key ........................... [RUN]
[0m15:05:24.530673 [info ] [Thread-2 (]: 25 of 30 START test not_null_fact_sales_product_id ............................. [RUN]
[0m15:05:24.531677 [info ] [Thread-4 (]: 26 of 30 START test not_null_fact_sales_sales_line_id .......................... [RUN]
[0m15:05:24.532677 [debug] [Thread-3 (]: Re-using an available connection from the pool (formerly test.superstore.unique_dim_products_product_id.ef7b2a9985, now test.superstore.not_null_fact_sales_location_key.7da02be8cc)
[0m15:05:24.531677 [info ] [Thread-1 (]: 27 of 30 START test relationships_fact_sales_customer_id__customer_id__ref_dim_customers_  [RUN]
[0m15:05:24.532677 [debug] [Thread-2 (]: Re-using an available connection from the pool (formerly test.superstore.unique_dim_locations_location_key.9d6de2f887, now test.superstore.not_null_fact_sales_product_id.39101802a8)
[0m15:05:24.533676 [debug] [Thread-4 (]: Re-using an available connection from the pool (formerly test.superstore.not_null_fact_sales_customer_id.39febb61fd, now test.superstore.not_null_fact_sales_sales_line_id.2c2eedaeb9)
[0m15:05:24.533933 [debug] [Thread-3 (]: Began compiling node test.superstore.not_null_fact_sales_location_key.7da02be8cc
[0m15:05:24.533933 [debug] [Thread-1 (]: Re-using an available connection from the pool (formerly test.superstore.not_null_dim_products_product_id.c8aba288d1, now test.superstore.relationships_fact_sales_customer_id__customer_id__ref_dim_customers_.540baa6d47)
[0m15:05:24.533933 [debug] [Thread-2 (]: Began compiling node test.superstore.not_null_fact_sales_product_id.39101802a8
[0m15:05:24.535463 [debug] [Thread-4 (]: Began compiling node test.superstore.not_null_fact_sales_sales_line_id.2c2eedaeb9
[0m15:05:24.541553 [debug] [Thread-3 (]: Writing injected SQL for node "test.superstore.not_null_fact_sales_location_key.7da02be8cc"
[0m15:05:24.542540 [debug] [Thread-1 (]: Began compiling node test.superstore.relationships_fact_sales_customer_id__customer_id__ref_dim_customers_.540baa6d47
[0m15:05:24.549070 [debug] [Thread-2 (]: Writing injected SQL for node "test.superstore.not_null_fact_sales_product_id.39101802a8"
[0m15:05:24.555180 [debug] [Thread-4 (]: Writing injected SQL for node "test.superstore.not_null_fact_sales_sales_line_id.2c2eedaeb9"
[0m15:05:24.565703 [debug] [Thread-1 (]: Writing injected SQL for node "test.superstore.relationships_fact_sales_customer_id__customer_id__ref_dim_customers_.540baa6d47"
[0m15:05:24.568573 [debug] [Thread-3 (]: Began executing node test.superstore.not_null_fact_sales_location_key.7da02be8cc
[0m15:05:24.569589 [debug] [Thread-2 (]: Began executing node test.superstore.not_null_fact_sales_product_id.39101802a8
[0m15:05:24.570584 [debug] [Thread-3 (]: Writing runtime sql for node "test.superstore.not_null_fact_sales_location_key.7da02be8cc"
[0m15:05:24.573817 [debug] [Thread-2 (]: Writing runtime sql for node "test.superstore.not_null_fact_sales_product_id.39101802a8"
[0m15:05:24.591472 [debug] [Thread-4 (]: Began executing node test.superstore.not_null_fact_sales_sales_line_id.2c2eedaeb9
[0m15:05:24.592464 [debug] [Thread-1 (]: Began executing node test.superstore.relationships_fact_sales_customer_id__customer_id__ref_dim_customers_.540baa6d47
[0m15:05:24.594473 [debug] [Thread-4 (]: Writing runtime sql for node "test.superstore.not_null_fact_sales_sales_line_id.2c2eedaeb9"
[0m15:05:24.595536 [debug] [Thread-3 (]: Using duckdb connection "test.superstore.not_null_fact_sales_location_key.7da02be8cc"
[0m15:05:24.597461 [debug] [Thread-1 (]: Writing runtime sql for node "test.superstore.relationships_fact_sales_customer_id__customer_id__ref_dim_customers_.540baa6d47"
[0m15:05:24.598644 [debug] [Thread-2 (]: Using duckdb connection "test.superstore.not_null_fact_sales_product_id.39101802a8"
[0m15:05:24.599151 [debug] [Thread-3 (]: On test.superstore.not_null_fact_sales_location_key.7da02be8cc: BEGIN
[0m15:05:24.600162 [debug] [Thread-2 (]: On test.superstore.not_null_fact_sales_product_id.39101802a8: BEGIN
[0m15:05:24.601165 [debug] [Thread-3 (]: Opening a new connection, currently in state closed
[0m15:05:24.602164 [debug] [Thread-4 (]: Using duckdb connection "test.superstore.not_null_fact_sales_sales_line_id.2c2eedaeb9"
[0m15:05:24.602164 [debug] [Thread-2 (]: Opening a new connection, currently in state closed
[0m15:05:24.603179 [debug] [Thread-1 (]: Using duckdb connection "test.superstore.relationships_fact_sales_customer_id__customer_id__ref_dim_customers_.540baa6d47"
[0m15:05:24.603179 [debug] [Thread-4 (]: On test.superstore.not_null_fact_sales_sales_line_id.2c2eedaeb9: BEGIN
[0m15:05:24.604173 [debug] [Thread-3 (]: SQL status: OK in 0.003 seconds
[0m15:05:24.604688 [debug] [Thread-1 (]: On test.superstore.relationships_fact_sales_customer_id__customer_id__ref_dim_customers_.540baa6d47: BEGIN
[0m15:05:24.605691 [debug] [Thread-4 (]: Opening a new connection, currently in state closed
[0m15:05:24.605691 [debug] [Thread-2 (]: SQL status: OK in 0.003 seconds
[0m15:05:24.605691 [debug] [Thread-3 (]: Using duckdb connection "test.superstore.not_null_fact_sales_location_key.7da02be8cc"
[0m15:05:24.606697 [debug] [Thread-1 (]: Opening a new connection, currently in state closed
[0m15:05:24.606697 [debug] [Thread-2 (]: Using duckdb connection "test.superstore.not_null_fact_sales_product_id.39101802a8"
[0m15:05:24.607698 [debug] [Thread-3 (]: On test.superstore.not_null_fact_sales_location_key.7da02be8cc: /* {"app": "dbt", "dbt_version": "1.12.5", "profile_name": "superstore", "target_name": "dev", "node_id": "test.superstore.not_null_fact_sales_location_key.7da02be8cc"} */

    
    select
      count(*) as failures,
      count(*) != 0 as should_warn,
      count(*) != 0 as should_error
    from (
      
    
  
    
    



select location_key
from "dev"."main_dwh"."fact_sales"
where location_key is null



  
  
      
    ) dbt_internal_test
[0m15:05:24.607698 [debug] [Thread-4 (]: SQL status: OK in 0.003 seconds
[0m15:05:24.608698 [debug] [Thread-2 (]: On test.superstore.not_null_fact_sales_product_id.39101802a8: /* {"app": "dbt", "dbt_version": "1.12.5", "profile_name": "superstore", "target_name": "dev", "node_id": "test.superstore.not_null_fact_sales_product_id.39101802a8"} */

    
    select
      count(*) as failures,
      count(*) != 0 as should_warn,
      count(*) != 0 as should_error
    from (
      
    
  
    
    



select product_id
from "dev"."main_dwh"."fact_sales"
where product_id is null



  
  
      
    ) dbt_internal_test
[0m15:05:24.608698 [debug] [Thread-1 (]: SQL status: OK in 0.003 seconds
[0m15:05:24.610202 [debug] [Thread-4 (]: Using duckdb connection "test.superstore.not_null_fact_sales_sales_line_id.2c2eedaeb9"
[0m15:05:24.610202 [debug] [Thread-3 (]: SQL status: OK in 0.001 seconds
[0m15:05:24.611232 [debug] [Thread-1 (]: Using duckdb connection "test.superstore.relationships_fact_sales_customer_id__customer_id__ref_dim_customers_.540baa6d47"
[0m15:05:24.611232 [debug] [Thread-2 (]: SQL status: OK in 0.001 seconds
[0m15:05:24.612207 [debug] [Thread-4 (]: On test.superstore.not_null_fact_sales_sales_line_id.2c2eedaeb9: /* {"app": "dbt", "dbt_version": "1.12.5", "profile_name": "superstore", "target_name": "dev", "node_id": "test.superstore.not_null_fact_sales_sales_line_id.2c2eedaeb9"} */

    
    select
      count(*) as failures,
      count(*) != 0 as should_warn,
      count(*) != 0 as should_error
    from (
      
    
  
    
    



select sales_line_id
from "dev"."main_dwh"."fact_sales"
where sales_line_id is null



  
  
      
    ) dbt_internal_test
[0m15:05:24.612207 [debug] [Thread-1 (]: On test.superstore.relationships_fact_sales_customer_id__customer_id__ref_dim_customers_.540baa6d47: /* {"app": "dbt", "dbt_version": "1.12.5", "profile_name": "superstore", "target_name": "dev", "node_id": "test.superstore.relationships_fact_sales_customer_id__customer_id__ref_dim_customers_.540baa6d47"} */

    
    select
      count(*) as failures,
      count(*) != 0 as should_warn,
      count(*) != 0 as should_error
    from (
      
    
  
    
    

with child as (
    select customer_id as from_field
    from "dev"."main_dwh"."fact_sales"
    where customer_id is not null
),

parent as (
    select customer_id as to_field
    from "dev"."main_dwh"."dim_customers"
)

select
    from_field

from child
left join parent
    on child.from_field = parent.to_field

where parent.to_field is null



  
  
      
    ) dbt_internal_test
[0m15:05:24.613218 [debug] [Thread-3 (]: On test.superstore.not_null_fact_sales_location_key.7da02be8cc: ROLLBACK
[0m15:05:24.615218 [debug] [Thread-2 (]: On test.superstore.not_null_fact_sales_product_id.39101802a8: ROLLBACK
[0m15:05:24.616208 [debug] [Thread-4 (]: SQL status: OK in 0.002 seconds
[0m15:05:24.617210 [debug] [Thread-3 (]: On test.superstore.not_null_fact_sales_location_key.7da02be8cc: Close
[0m15:05:24.617210 [debug] [Thread-2 (]: On test.superstore.not_null_fact_sales_product_id.39101802a8: Close
[0m15:05:24.619695 [debug] [Thread-4 (]: On test.superstore.not_null_fact_sales_sales_line_id.2c2eedaeb9: ROLLBACK
[0m15:05:24.618685 [info ] [Thread-3 (]: 24 of 30 PASS not_null_fact_sales_location_key ................................. [[32mPASS[0m in 0.09s]
[0m15:05:24.620684 [debug] [Thread-1 (]: SQL status: OK in 0.004 seconds
[0m15:05:24.620684 [info ] [Thread-2 (]: 25 of 30 PASS not_null_fact_sales_product_id ................................... [[32mPASS[0m in 0.09s]
[0m15:05:24.621971 [debug] [Thread-3 (]: Finished running node test.superstore.not_null_fact_sales_location_key.7da02be8cc
[0m15:05:24.622970 [debug] [Thread-4 (]: On test.superstore.not_null_fact_sales_sales_line_id.2c2eedaeb9: Close
[0m15:05:24.622970 [debug] [Thread-2 (]: Finished running node test.superstore.not_null_fact_sales_product_id.39101802a8
[0m15:05:24.624979 [debug] [Thread-1 (]: On test.superstore.relationships_fact_sales_customer_id__customer_id__ref_dim_customers_.540baa6d47: ROLLBACK
[0m15:05:24.624979 [debug] [Thread-3 (]: Began running node test.superstore.relationships_fact_sales_location_key__location_key__ref_dim_locations_.17fb246068
[0m15:05:24.627501 [debug] [Thread-2 (]: Began running node test.superstore.relationships_fact_sales_product_id__product_id__ref_dim_products_.c768410e5b
[0m15:05:24.626487 [info ] [Thread-4 (]: 26 of 30 PASS not_null_fact_sales_sales_line_id ................................ [[32mPASS[0m in 0.09s]
[0m15:05:24.628498 [info ] [Thread-3 (]: 28 of 30 START test relationships_fact_sales_location_key__location_key__ref_dim_locations_  [RUN]
[0m15:05:24.629513 [debug] [Thread-1 (]: On test.superstore.relationships_fact_sales_customer_id__customer_id__ref_dim_customers_.540baa6d47: Close
[0m15:05:24.630498 [debug] [Thread-4 (]: Finished running node test.superstore.not_null_fact_sales_sales_line_id.2c2eedaeb9
[0m15:05:24.629513 [info ] [Thread-2 (]: 29 of 30 START test relationships_fact_sales_product_id__product_id__ref_dim_products_  [RUN]
[0m15:05:24.631501 [debug] [Thread-3 (]: Re-using an available connection from the pool (formerly test.superstore.not_null_fact_sales_location_key.7da02be8cc, now test.superstore.relationships_fact_sales_location_key__location_key__ref_dim_locations_.17fb246068)
[0m15:05:24.633034 [debug] [Thread-4 (]: Began running node test.superstore.unique_fact_sales_sales_line_id.f06bce88c4
[0m15:05:24.632023 [info ] [Thread-1 (]: 27 of 30 PASS relationships_fact_sales_customer_id__customer_id__ref_dim_customers_  [[32mPASS[0m in 0.10s]
[0m15:05:24.633034 [debug] [Thread-2 (]: Re-using an available connection from the pool (formerly test.superstore.not_null_fact_sales_product_id.39101802a8, now test.superstore.relationships_fact_sales_product_id__product_id__ref_dim_products_.c768410e5b)
[0m15:05:24.634033 [debug] [Thread-3 (]: Began compiling node test.superstore.relationships_fact_sales_location_key__location_key__ref_dim_locations_.17fb246068
[0m15:05:24.635035 [info ] [Thread-4 (]: 30 of 30 START test unique_fact_sales_sales_line_id ............................ [RUN]
[0m15:05:24.636028 [debug] [Thread-1 (]: Finished running node test.superstore.relationships_fact_sales_customer_id__customer_id__ref_dim_customers_.540baa6d47
[0m15:05:24.636028 [debug] [Thread-2 (]: Began compiling node test.superstore.relationships_fact_sales_product_id__product_id__ref_dim_products_.c768410e5b
[0m15:05:24.646183 [debug] [Thread-3 (]: Writing injected SQL for node "test.superstore.relationships_fact_sales_location_key__location_key__ref_dim_locations_.17fb246068"
[0m15:05:24.647106 [debug] [Thread-4 (]: Re-using an available connection from the pool (formerly test.superstore.not_null_fact_sales_sales_line_id.2c2eedaeb9, now test.superstore.unique_fact_sales_sales_line_id.f06bce88c4)
[0m15:05:24.658152 [debug] [Thread-2 (]: Writing injected SQL for node "test.superstore.relationships_fact_sales_product_id__product_id__ref_dim_products_.c768410e5b"
[0m15:05:24.659146 [debug] [Thread-4 (]: Began compiling node test.superstore.unique_fact_sales_sales_line_id.f06bce88c4
[0m15:05:24.665261 [debug] [Thread-4 (]: Writing injected SQL for node "test.superstore.unique_fact_sales_sales_line_id.f06bce88c4"
[0m15:05:24.665261 [debug] [Thread-3 (]: Began executing node test.superstore.relationships_fact_sales_location_key__location_key__ref_dim_locations_.17fb246068
[0m15:05:24.667264 [debug] [Thread-3 (]: Writing runtime sql for node "test.superstore.relationships_fact_sales_location_key__location_key__ref_dim_locations_.17fb246068"
[0m15:05:24.668255 [debug] [Thread-2 (]: Began executing node test.superstore.relationships_fact_sales_product_id__product_id__ref_dim_products_.c768410e5b
[0m15:05:24.669254 [debug] [Thread-2 (]: Writing runtime sql for node "test.superstore.relationships_fact_sales_product_id__product_id__ref_dim_products_.c768410e5b"
[0m15:05:24.670761 [debug] [Thread-4 (]: Began executing node test.superstore.unique_fact_sales_sales_line_id.f06bce88c4
[0m15:05:24.672778 [debug] [Thread-4 (]: Writing runtime sql for node "test.superstore.unique_fact_sales_sales_line_id.f06bce88c4"
[0m15:05:24.674306 [debug] [Thread-3 (]: Using duckdb connection "test.superstore.relationships_fact_sales_location_key__location_key__ref_dim_locations_.17fb246068"
[0m15:05:24.675316 [debug] [Thread-3 (]: On test.superstore.relationships_fact_sales_location_key__location_key__ref_dim_locations_.17fb246068: BEGIN
[0m15:05:24.675316 [debug] [Thread-2 (]: Using duckdb connection "test.superstore.relationships_fact_sales_product_id__product_id__ref_dim_products_.c768410e5b"
[0m15:05:24.675316 [debug] [Thread-3 (]: Opening a new connection, currently in state closed
[0m15:05:24.676316 [debug] [Thread-2 (]: On test.superstore.relationships_fact_sales_product_id__product_id__ref_dim_products_.c768410e5b: BEGIN
[0m15:05:24.677325 [debug] [Thread-4 (]: Using duckdb connection "test.superstore.unique_fact_sales_sales_line_id.f06bce88c4"
[0m15:05:24.677325 [debug] [Thread-2 (]: Opening a new connection, currently in state closed
[0m15:05:24.677325 [debug] [Thread-4 (]: On test.superstore.unique_fact_sales_sales_line_id.f06bce88c4: BEGIN
[0m15:05:24.678324 [debug] [Thread-3 (]: SQL status: OK in 0.002 seconds
[0m15:05:24.678324 [debug] [Thread-4 (]: Opening a new connection, currently in state closed
[0m15:05:24.679334 [debug] [Thread-3 (]: Using duckdb connection "test.superstore.relationships_fact_sales_location_key__location_key__ref_dim_locations_.17fb246068"
[0m15:05:24.680324 [debug] [Thread-2 (]: SQL status: OK in 0.003 seconds
[0m15:05:24.680324 [debug] [Thread-3 (]: On test.superstore.relationships_fact_sales_location_key__location_key__ref_dim_locations_.17fb246068: /* {"app": "dbt", "dbt_version": "1.12.5", "profile_name": "superstore", "target_name": "dev", "node_id": "test.superstore.relationships_fact_sales_location_key__location_key__ref_dim_locations_.17fb246068"} */

    
    select
      count(*) as failures,
      count(*) != 0 as should_warn,
      count(*) != 0 as should_error
    from (
      
    
  
    
    

with child as (
    select location_key as from_field
    from "dev"."main_dwh"."fact_sales"
    where location_key is not null
),

parent as (
    select location_key as to_field
    from "dev"."main_dwh"."dim_locations"
)

select
    from_field

from child
left join parent
    on child.from_field = parent.to_field

where parent.to_field is null



  
  
      
    ) dbt_internal_test
[0m15:05:24.680324 [debug] [Thread-4 (]: SQL status: OK in 0.002 seconds
[0m15:05:24.681324 [debug] [Thread-2 (]: Using duckdb connection "test.superstore.relationships_fact_sales_product_id__product_id__ref_dim_products_.c768410e5b"
[0m15:05:24.681850 [debug] [Thread-4 (]: Using duckdb connection "test.superstore.unique_fact_sales_sales_line_id.f06bce88c4"
[0m15:05:24.681850 [debug] [Thread-2 (]: On test.superstore.relationships_fact_sales_product_id__product_id__ref_dim_products_.c768410e5b: /* {"app": "dbt", "dbt_version": "1.12.5", "profile_name": "superstore", "target_name": "dev", "node_id": "test.superstore.relationships_fact_sales_product_id__product_id__ref_dim_products_.c768410e5b"} */

    
    select
      count(*) as failures,
      count(*) != 0 as should_warn,
      count(*) != 0 as should_error
    from (
      
    
  
    
    

with child as (
    select product_id as from_field
    from "dev"."main_dwh"."fact_sales"
    where product_id is not null
),

parent as (
    select product_id as to_field
    from "dev"."main_dwh"."dim_products"
)

select
    from_field

from child
left join parent
    on child.from_field = parent.to_field

where parent.to_field is null



  
  
      
    ) dbt_internal_test
[0m15:05:24.682870 [debug] [Thread-4 (]: On test.superstore.unique_fact_sales_sales_line_id.f06bce88c4: /* {"app": "dbt", "dbt_version": "1.12.5", "profile_name": "superstore", "target_name": "dev", "node_id": "test.superstore.unique_fact_sales_sales_line_id.f06bce88c4"} */

    
    select
      count(*) as failures,
      count(*) != 0 as should_warn,
      count(*) != 0 as should_error
    from (
      
    
  
    
    

select
    sales_line_id as unique_field,
    count(*) as n_records

from "dev"."main_dwh"."fact_sales"
where sales_line_id is not null
group by sales_line_id
having count(*) > 1



  
  
      
    ) dbt_internal_test
[0m15:05:24.683866 [debug] [Thread-3 (]: SQL status: OK in 0.002 seconds
[0m15:05:24.685379 [debug] [Thread-3 (]: On test.superstore.relationships_fact_sales_location_key__location_key__ref_dim_locations_.17fb246068: ROLLBACK
[0m15:05:24.687383 [debug] [Thread-4 (]: SQL status: OK in 0.003 seconds
[0m15:05:24.687383 [debug] [Thread-3 (]: On test.superstore.relationships_fact_sales_location_key__location_key__ref_dim_locations_.17fb246068: Close
[0m15:05:24.688633 [debug] [Thread-2 (]: SQL status: OK in 0.006 seconds
[0m15:05:24.689627 [debug] [Thread-4 (]: On test.superstore.unique_fact_sales_sales_line_id.f06bce88c4: ROLLBACK
[0m15:05:24.688633 [info ] [Thread-3 (]: 28 of 30 PASS relationships_fact_sales_location_key__location_key__ref_dim_locations_  [[32mPASS[0m in 0.06s]
[0m15:05:24.692627 [debug] [Thread-2 (]: On test.superstore.relationships_fact_sales_product_id__product_id__ref_dim_products_.c768410e5b: ROLLBACK
[0m15:05:24.692627 [debug] [Thread-3 (]: Finished running node test.superstore.relationships_fact_sales_location_key__location_key__ref_dim_locations_.17fb246068
[0m15:05:24.692627 [debug] [Thread-4 (]: On test.superstore.unique_fact_sales_sales_line_id.f06bce88c4: Close
[0m15:05:24.695153 [debug] [Thread-2 (]: On test.superstore.relationships_fact_sales_product_id__product_id__ref_dim_products_.c768410e5b: Close
[0m15:05:24.693638 [info ] [Thread-4 (]: 30 of 30 PASS unique_fact_sales_sales_line_id .................................. [[32mPASS[0m in 0.05s]
[0m15:05:24.697173 [debug] [Thread-4 (]: Finished running node test.superstore.unique_fact_sales_sales_line_id.f06bce88c4
[0m15:05:24.696175 [info ] [Thread-2 (]: 29 of 30 PASS relationships_fact_sales_product_id__product_id__ref_dim_products_  [[32mPASS[0m in 0.06s]
[0m15:05:24.698162 [debug] [Thread-2 (]: Finished running node test.superstore.relationships_fact_sales_product_id__product_id__ref_dim_products_.c768410e5b
[0m15:05:24.699164 [debug] [MainThread]: Using duckdb connection "master"
[0m15:05:24.700164 [debug] [MainThread]: On master: BEGIN
[0m15:05:24.700164 [debug] [MainThread]: Opening a new connection, currently in state closed
[0m15:05:24.700164 [debug] [MainThread]: SQL status: OK in 0.001 seconds
[0m15:05:24.701251 [debug] [MainThread]: On master: COMMIT
[0m15:05:24.701251 [debug] [MainThread]: Using duckdb connection "master"
[0m15:05:24.701251 [debug] [MainThread]: On master: COMMIT
[0m15:05:24.702244 [debug] [MainThread]: SQL status: OK in 0.000 seconds
[0m15:05:24.702244 [debug] [MainThread]: On master: Close
[0m15:05:24.702244 [debug] [MainThread]: Connection 'master' was properly closed.
[0m15:05:24.702244 [debug] [MainThread]: Connection 'create_dev_main_stg' was properly closed.
[0m15:05:24.702244 [debug] [MainThread]: Connection 'create_dev_main_dwh' was properly closed.
[0m15:05:24.703765 [debug] [MainThread]: Connection 'list_dev_main_dwh' was properly closed.
[0m15:05:24.703765 [debug] [MainThread]: Connection 'list_dev_main_stg' was properly closed.
[0m15:05:24.703765 [debug] [MainThread]: Connection 'test.superstore.relationships_fact_sales_customer_id__customer_id__ref_dim_customers_.540baa6d47' was properly closed.
[0m15:05:24.703765 [debug] [MainThread]: Connection 'test.superstore.relationships_fact_sales_location_key__location_key__ref_dim_locations_.17fb246068' was properly closed.
[0m15:05:24.703765 [debug] [MainThread]: Connection 'test.superstore.unique_fact_sales_sales_line_id.f06bce88c4' was properly closed.
[0m15:05:24.704792 [debug] [MainThread]: Connection 'test.superstore.relationships_fact_sales_product_id__product_id__ref_dim_products_.c768410e5b' was properly closed.
[0m15:05:24.704792 [info ] [MainThread]: 
[0m15:05:24.704792 [info ] [MainThread]: Finished running 6 table models, 23 data tests, 1 view model in 0 hours 0 minutes and 1.17 seconds (1.17s).
[0m15:05:24.709338 [debug] [MainThread]: Command end result
[0m15:05:24.748509 [debug] [MainThread]: Wrote artifact WritableManifest to D:\NTI - 2026\projects\HW_dbtWithDuck\superstore_airflow_dbt_duckdb\superstore_pipeline\dbt_superstore\target\manifest.json
[0m15:05:24.752541 [debug] [MainThread]: Wrote artifact SemanticManifest to D:\NTI - 2026\projects\HW_dbtWithDuck\superstore_airflow_dbt_duckdb\superstore_pipeline\dbt_superstore\target\semantic_manifest.json
[0m15:05:24.756093 [debug] [MainThread]: Wrote artifact OsiDocument to D:\NTI - 2026\projects\HW_dbtWithDuck\superstore_airflow_dbt_duckdb\superstore_pipeline\dbt_superstore\target\osi_document.json
[0m15:05:24.763652 [debug] [MainThread]: Wrote artifact RunExecutionResult to D:\NTI - 2026\projects\HW_dbtWithDuck\superstore_airflow_dbt_duckdb\superstore_pipeline\dbt_superstore\target\run_results.json
[0m15:05:24.764662 [info ] [MainThread]: 
[0m15:05:24.764662 [info ] [MainThread]: [32mCompleted successfully[0m
[0m15:05:24.765664 [info ] [MainThread]: 
[0m15:05:24.766662 [info ] [MainThread]: Done. PASS=30 WARN=0 ERROR=0 SKIP=0 NO-OP=0 REUSED=0 TOTAL=30
[0m15:05:24.767665 [debug] [MainThread]: Command `dbt build` succeeded at 15:05:24.767665 after 3.75 seconds
[0m15:05:24.767665 [debug] [MainThread]: Sending event: {'category': 'dbt', 'action': 'invocation', 'label': 'end', 'context': [<snowplow_tracker.self_describing_json.SelfDescribingJson object at 0x00000110FB65A540>, <snowplow_tracker.self_describing_json.SelfDescribingJson object at 0x00000110FDFBD760>, <snowplow_tracker.self_describing_json.SelfDescribingJson object at 0x00000110FF10E4E0>]}
[0m15:05:24.767665 [debug] [MainThread]: Flushing usage events
[0m15:05:25.655864 [debug] [MainThread]: An error was encountered while trying to flush usage events
[0m15:44:47.211731 [debug] [MainThread]: Sending event: {'category': 'dbt', 'action': 'invocation', 'label': 'start', 'context': [<snowplow_tracker.self_describing_json.SelfDescribingJson object at 0x000001556B8229C0>, <snowplow_tracker.self_describing_json.SelfDescribingJson object at 0x000001556733E540>, <snowplow_tracker.self_describing_json.SelfDescribingJson object at 0x0000015569EE9550>]}


============================== 15:44:47.289874 | bf967706-83c6-40f4-84fe-dfc5726f2742 ==============================
[0m15:44:47.289874 [info ] [MainThread]: Running with dbt=1.12.5
[0m15:44:47.292435 [debug] [MainThread]: running dbt with arguments {'static_parser': 'True', 'no_print': 'None', 'maximum_seed_size_mib': '1', 'warn_error_options': 'WarnErrorOptionsV2(error=[], warn=[], silence=[])', 'version_check': 'True', 'target_path': 'None', 'printer_width': '80', 'write_json': 'True', 'empty': 'None', 'log_cache_events': 'False', 'introspect': 'True', 'cache_selected_only': 'False', 'fail_fast': 'False', 'debug': 'False', 'log_format': 'default', 'profiles_dir': 'D:\\NTI - 2026\\projects\\HW_dbtWithDuck\\superstore_airflow_dbt_duckdb\\superstore_pipeline\\dbt_superstore', 'send_anonymous_usage_stats': 'True', 'quiet': 'False', 'warn_error': 'None', 'partial_parse': 'True', 'use_colors': 'True', 'hints_enabled': 'True', 'indirect_selection': 'eager', 'use_experimental_parser': 'False', 'invocation_command': 'dbt docs generate', 'log_path': 'D:\\NTI - 2026\\projects\\HW_dbtWithDuck\\superstore_airflow_dbt_duckdb\\superstore_pipeline\\dbt_superstore\\logs'}
[0m15:44:49.909890 [debug] [MainThread]: Sending event: {'category': 'dbt', 'action': 'project_id', 'label': 'bf967706-83c6-40f4-84fe-dfc5726f2742', 'context': [<snowplow_tracker.self_describing_json.SelfDescribingJson object at 0x000001556B89FA10>]}
[0m15:44:50.138071 [debug] [MainThread]: Sending event: {'category': 'dbt', 'action': 'adapter_info', 'label': 'bf967706-83c6-40f4-84fe-dfc5726f2742', 'context': [<snowplow_tracker.self_describing_json.SelfDescribingJson object at 0x000001556BB245C0>]}
[0m15:44:50.165185 [info ] [MainThread]: Registered adapter: duckdb=1.11.0
[0m15:44:51.535371 [debug] [MainThread]: checksum: 901c0af6b1813cd6c43cdfbcc6e9fc9140d41b0d499af91a71613f5fd321d71d, vars: {}, profile: superstore, target: dev, version: 1.12.5
[0m15:44:52.199703 [debug] [MainThread]: Partial parsing enabled: 0 files deleted, 0 files added, 0 files changed.
[0m15:44:52.201704 [debug] [MainThread]: Nothing changed, skipping partial parsing.
[0m15:44:52.202702 [debug] [MainThread]: Partial parsing enabled, no changes found, skipping parsing
[0m15:44:52.236385 [debug] [MainThread]: Sending event: {'category': 'dbt', 'action': 'load_project', 'label': 'bf967706-83c6-40f4-84fe-dfc5726f2742', 'context': [<snowplow_tracker.self_describing_json.SelfDescribingJson object at 0x00000155696D6A80>]}
[0m15:44:52.487069 [debug] [MainThread]: Sending event: {'category': 'dbt', 'action': 'resource_counts', 'label': 'bf967706-83c6-40f4-84fe-dfc5726f2742', 'context': [<snowplow_tracker.self_describing_json.SelfDescribingJson object at 0x000001556C345070>]}
[0m15:44:52.488607 [info ] [MainThread]: Found 7 models, 23 data tests, 1 source, 500 macros
[0m15:44:52.489608 [debug] [MainThread]: Sending event: {'category': 'dbt', 'action': 'runnable_timing', 'label': 'bf967706-83c6-40f4-84fe-dfc5726f2742', 'context': [<snowplow_tracker.self_describing_json.SelfDescribingJson object at 0x000001556BDFD490>]}
[0m15:44:52.499259 [info ] [MainThread]: 
[0m15:44:52.500262 [info ] [MainThread]: Concurrency: 4 threads (target='dev')
[0m15:44:52.502263 [info ] [MainThread]: 
[0m15:44:52.504774 [debug] [MainThread]: Acquiring new duckdb connection 'master'
[0m15:44:52.527297 [debug] [ThreadPool]: Acquiring new duckdb connection 'list_dev_main_stg'
[0m15:44:52.539492 [debug] [ThreadPool]: Acquiring new duckdb connection 'list_dev_main_dwh'
[0m15:44:53.089373 [debug] [ThreadPool]: Using duckdb connection "list_dev_main_dwh"
[0m15:44:53.089373 [debug] [ThreadPool]: Using duckdb connection "list_dev_main_stg"
[0m15:44:53.091424 [debug] [ThreadPool]: On list_dev_main_dwh: BEGIN
[0m15:44:53.092440 [debug] [ThreadPool]: On list_dev_main_stg: BEGIN
[0m15:44:53.093949 [debug] [ThreadPool]: Opening a new connection, currently in state init
[0m15:44:53.094459 [debug] [ThreadPool]: Opening a new connection, currently in state init
[0m15:44:53.227433 [debug] [ThreadPool]: SQL status: OK in 0.132 seconds
[0m15:44:53.229434 [debug] [ThreadPool]: Using duckdb connection "list_dev_main_stg"
[0m15:44:53.230467 [debug] [ThreadPool]: SQL status: OK in 0.136 seconds
[0m15:44:53.231491 [debug] [ThreadPool]: On list_dev_main_stg: /* {"app": "dbt", "dbt_version": "1.12.5", "profile_name": "superstore", "target_name": "dev", "connection_name": "list_dev_main_stg"} */
select
      'dev' as database,
      table_name as name,
      table_schema as schema,
      CASE table_type
        WHEN 'BASE TABLE' THEN 'table'
        WHEN 'VIEW' THEN 'view'
        WHEN 'LOCAL TEMPORARY' THEN 'table'
        END as type
    from system.information_schema.tables
    where lower(table_schema) = 'main_stg'
    and lower(table_catalog) = 'dev'
  
[0m15:44:53.233517 [debug] [ThreadPool]: Using duckdb connection "list_dev_main_dwh"
[0m15:44:53.235510 [debug] [ThreadPool]: On list_dev_main_dwh: /* {"app": "dbt", "dbt_version": "1.12.5", "profile_name": "superstore", "target_name": "dev", "connection_name": "list_dev_main_dwh"} */
select
      'dev' as database,
      table_name as name,
      table_schema as schema,
      CASE table_type
        WHEN 'BASE TABLE' THEN 'table'
        WHEN 'VIEW' THEN 'view'
        WHEN 'LOCAL TEMPORARY' THEN 'table'
        END as type
    from system.information_schema.tables
    where lower(table_schema) = 'main_dwh'
    and lower(table_catalog) = 'dev'
  
[0m15:44:53.257697 [debug] [ThreadPool]: SQL status: OK in 0.023 seconds
[0m15:44:53.259706 [debug] [ThreadPool]: SQL status: OK in 0.022 seconds
[0m15:44:53.264259 [debug] [ThreadPool]: On list_dev_main_stg: ROLLBACK
[0m15:44:53.269256 [debug] [ThreadPool]: On list_dev_main_dwh: ROLLBACK
[0m15:44:53.272258 [debug] [ThreadPool]: On list_dev_main_stg: Close
[0m15:44:53.274168 [debug] [ThreadPool]: On list_dev_main_dwh: Close
[0m15:44:53.283399 [debug] [MainThread]: Sending event: {'category': 'dbt', 'action': 'runnable_timing', 'label': 'bf967706-83c6-40f4-84fe-dfc5726f2742', 'context': [<snowplow_tracker.self_describing_json.SelfDescribingJson object at 0x000001556C04DA60>]}
[0m15:44:53.304141 [debug] [Thread-1 (]: Began running node model.superstore.stg_superstore
[0m15:44:53.306710 [debug] [Thread-1 (]: Acquiring new duckdb connection 'model.superstore.stg_superstore'
[0m15:44:53.308253 [debug] [Thread-1 (]: Began compiling node model.superstore.stg_superstore
[0m15:44:53.335135 [debug] [Thread-1 (]: Writing injected SQL for node "model.superstore.stg_superstore"
[0m15:44:53.337543 [debug] [Thread-1 (]: Began executing node model.superstore.stg_superstore
[0m15:44:53.341107 [debug] [Thread-1 (]: Finished running node model.superstore.stg_superstore
[0m15:44:53.344629 [debug] [Thread-3 (]: Began running node model.superstore.agg_monthly_sales
[0m15:44:53.346658 [debug] [Thread-4 (]: Began running node model.superstore.dim_customers
[0m15:44:53.348319 [debug] [Thread-2 (]: Began running node model.superstore.dim_dates
[0m15:44:53.350340 [debug] [Thread-3 (]: Acquiring new duckdb connection 'model.superstore.agg_monthly_sales'
[0m15:44:53.351335 [debug] [Thread-1 (]: Began running node model.superstore.dim_locations
[0m15:44:53.353334 [debug] [Thread-4 (]: Acquiring new duckdb connection 'model.superstore.dim_customers'
[0m15:44:53.355901 [debug] [Thread-2 (]: Acquiring new duckdb connection 'model.superstore.dim_dates'
[0m15:44:53.357421 [debug] [Thread-3 (]: Began compiling node model.superstore.agg_monthly_sales
[0m15:44:53.359582 [debug] [Thread-1 (]: Re-using an available connection from the pool (formerly model.superstore.stg_superstore, now model.superstore.dim_locations)
[0m15:44:53.360575 [debug] [Thread-4 (]: Began compiling node model.superstore.dim_customers
[0m15:44:53.362574 [debug] [Thread-2 (]: Began compiling node model.superstore.dim_dates
[0m15:44:53.370132 [debug] [Thread-3 (]: Writing injected SQL for node "model.superstore.agg_monthly_sales"
[0m15:44:53.371648 [debug] [Thread-1 (]: Began compiling node model.superstore.dim_locations
[0m15:44:53.378843 [debug] [Thread-4 (]: Writing injected SQL for node "model.superstore.dim_customers"
[0m15:44:53.386382 [debug] [Thread-2 (]: Writing injected SQL for node "model.superstore.dim_dates"
[0m15:44:53.394617 [debug] [Thread-1 (]: Writing injected SQL for node "model.superstore.dim_locations"
[0m15:44:53.398154 [debug] [Thread-3 (]: Began executing node model.superstore.agg_monthly_sales
[0m15:44:53.402733 [debug] [Thread-3 (]: Finished running node model.superstore.agg_monthly_sales
[0m15:44:53.405273 [debug] [Thread-3 (]: Began running node model.superstore.dim_products
[0m15:44:53.407792 [debug] [Thread-3 (]: Re-using an available connection from the pool (formerly model.superstore.agg_monthly_sales, now model.superstore.dim_products)
[0m15:44:53.410882 [debug] [Thread-2 (]: Began executing node model.superstore.dim_dates
[0m15:44:53.414077 [debug] [Thread-4 (]: Began executing node model.superstore.dim_customers
[0m15:44:53.415437 [debug] [Thread-3 (]: Began compiling node model.superstore.dim_products
[0m15:44:53.421485 [debug] [Thread-2 (]: Finished running node model.superstore.dim_dates
[0m15:44:53.423522 [debug] [Thread-1 (]: Began executing node model.superstore.dim_locations
[0m15:44:53.425525 [debug] [Thread-4 (]: Finished running node model.superstore.dim_customers
[0m15:44:53.432585 [debug] [Thread-3 (]: Writing injected SQL for node "model.superstore.dim_products"
[0m15:44:53.434121 [debug] [Thread-2 (]: Began running node model.superstore.fact_sales
[0m15:44:53.437125 [debug] [Thread-1 (]: Finished running node model.superstore.dim_locations
[0m15:44:53.439339 [debug] [Thread-4 (]: Began running node test.superstore.not_null_stg_superstore_customer_id.be943af154
[0m15:44:53.441346 [debug] [Thread-2 (]: Re-using an available connection from the pool (formerly model.superstore.dim_dates, now model.superstore.fact_sales)
[0m15:44:53.443885 [debug] [Thread-1 (]: Began running node test.superstore.not_null_stg_superstore_order_date.cfd79be3ba
[0m15:44:53.445938 [debug] [Thread-4 (]: Re-using an available connection from the pool (formerly model.superstore.dim_customers, now test.superstore.not_null_stg_superstore_customer_id.be943af154)
[0m15:44:53.446934 [debug] [Thread-3 (]: Began executing node model.superstore.dim_products
[0m15:44:53.448938 [debug] [Thread-2 (]: Began compiling node model.superstore.fact_sales
[0m15:44:53.449939 [debug] [Thread-1 (]: Re-using an available connection from the pool (formerly model.superstore.dim_locations, now test.superstore.not_null_stg_superstore_order_date.cfd79be3ba)
[0m15:44:53.451949 [debug] [Thread-4 (]: Began compiling node test.superstore.not_null_stg_superstore_customer_id.be943af154
[0m15:44:53.455487 [debug] [Thread-3 (]: Finished running node model.superstore.dim_products
[0m15:44:53.461907 [debug] [Thread-2 (]: Writing injected SQL for node "model.superstore.fact_sales"
[0m15:44:53.462909 [debug] [Thread-1 (]: Began compiling node test.superstore.not_null_stg_superstore_order_date.cfd79be3ba
[0m15:44:53.492968 [debug] [Thread-3 (]: Began running node test.superstore.not_null_stg_superstore_order_id.ebbb90b34b
[0m15:44:53.509644 [debug] [Thread-4 (]: Writing injected SQL for node "test.superstore.not_null_stg_superstore_customer_id.be943af154"
[0m15:44:53.629482 [debug] [Thread-1 (]: Writing injected SQL for node "test.superstore.not_null_stg_superstore_order_date.cfd79be3ba"
[0m15:44:53.631105 [debug] [Thread-3 (]: Re-using an available connection from the pool (formerly model.superstore.dim_products, now test.superstore.not_null_stg_superstore_order_id.ebbb90b34b)
[0m15:44:53.633128 [debug] [Thread-3 (]: Began compiling node test.superstore.not_null_stg_superstore_order_id.ebbb90b34b
[0m15:44:53.654821 [debug] [Thread-3 (]: Writing injected SQL for node "test.superstore.not_null_stg_superstore_order_id.ebbb90b34b"
[0m15:44:53.656331 [debug] [Thread-2 (]: Began executing node model.superstore.fact_sales
[0m15:44:53.657348 [debug] [Thread-1 (]: Began executing node test.superstore.not_null_stg_superstore_order_date.cfd79be3ba
[0m15:44:53.660373 [debug] [Thread-2 (]: Finished running node model.superstore.fact_sales
[0m15:44:53.663367 [debug] [Thread-1 (]: Finished running node test.superstore.not_null_stg_superstore_order_date.cfd79be3ba
[0m15:44:53.664366 [debug] [Thread-4 (]: Began executing node test.superstore.not_null_stg_superstore_customer_id.be943af154
[0m15:44:53.665376 [debug] [Thread-2 (]: Began running node test.superstore.not_null_stg_superstore_product_id.cd1f4bba11
[0m15:44:53.666896 [debug] [Thread-3 (]: Began executing node test.superstore.not_null_stg_superstore_order_id.ebbb90b34b
[0m15:44:53.668449 [debug] [Thread-1 (]: Began running node test.superstore.not_null_stg_superstore_row_id.a028666c6e
[0m15:44:53.671478 [debug] [Thread-4 (]: Finished running node test.superstore.not_null_stg_superstore_customer_id.be943af154
[0m15:44:53.672477 [debug] [Thread-2 (]: Re-using an available connection from the pool (formerly model.superstore.fact_sales, now test.superstore.not_null_stg_superstore_product_id.cd1f4bba11)
[0m15:44:53.674476 [debug] [Thread-3 (]: Finished running node test.superstore.not_null_stg_superstore_order_id.ebbb90b34b
[0m15:44:53.675477 [debug] [Thread-1 (]: Re-using an available connection from the pool (formerly test.superstore.not_null_stg_superstore_order_date.cfd79be3ba, now test.superstore.not_null_stg_superstore_row_id.a028666c6e)
[0m15:44:53.676477 [debug] [Thread-4 (]: Began running node test.superstore.not_null_stg_superstore_sales.86849a7f58
[0m15:44:53.677991 [debug] [Thread-2 (]: Began compiling node test.superstore.not_null_stg_superstore_product_id.cd1f4bba11
[0m15:44:53.680036 [debug] [Thread-3 (]: Began running node test.superstore.unique_stg_superstore_row_id.52fbdc42ed
[0m15:44:53.681032 [debug] [Thread-1 (]: Began compiling node test.superstore.not_null_stg_superstore_row_id.a028666c6e
[0m15:44:53.682032 [debug] [Thread-4 (]: Re-using an available connection from the pool (formerly test.superstore.not_null_stg_superstore_customer_id.be943af154, now test.superstore.not_null_stg_superstore_sales.86849a7f58)
[0m15:44:53.693560 [debug] [Thread-3 (]: Re-using an available connection from the pool (formerly test.superstore.not_null_stg_superstore_order_id.ebbb90b34b, now test.superstore.unique_stg_superstore_row_id.52fbdc42ed)
[0m15:44:53.699805 [debug] [Thread-2 (]: Writing injected SQL for node "test.superstore.not_null_stg_superstore_product_id.cd1f4bba11"
[0m15:44:53.720155 [debug] [Thread-1 (]: Writing injected SQL for node "test.superstore.not_null_stg_superstore_row_id.a028666c6e"
[0m15:44:53.721190 [debug] [Thread-4 (]: Began compiling node test.superstore.not_null_stg_superstore_sales.86849a7f58
[0m15:44:53.722221 [debug] [Thread-3 (]: Began compiling node test.superstore.unique_stg_superstore_row_id.52fbdc42ed
[0m15:44:53.742378 [debug] [Thread-4 (]: Writing injected SQL for node "test.superstore.not_null_stg_superstore_sales.86849a7f58"
[0m15:44:53.768006 [debug] [Thread-3 (]: Writing injected SQL for node "test.superstore.unique_stg_superstore_row_id.52fbdc42ed"
[0m15:44:53.770026 [debug] [Thread-1 (]: Began executing node test.superstore.not_null_stg_superstore_row_id.a028666c6e
[0m15:44:53.772033 [debug] [Thread-2 (]: Began executing node test.superstore.not_null_stg_superstore_product_id.cd1f4bba11
[0m15:44:53.774566 [debug] [Thread-1 (]: Finished running node test.superstore.not_null_stg_superstore_row_id.a028666c6e
[0m15:44:53.777589 [debug] [Thread-2 (]: Finished running node test.superstore.not_null_stg_superstore_product_id.cd1f4bba11
[0m15:44:53.779595 [debug] [Thread-4 (]: Began executing node test.superstore.not_null_stg_superstore_sales.86849a7f58
[0m15:44:53.781581 [debug] [Thread-1 (]: Began running node test.superstore.not_null_dim_dates_date_key.8dfe93e348
[0m15:44:53.782582 [debug] [Thread-2 (]: Began running node test.superstore.unique_dim_dates_date_key.61e1d0726d
[0m15:44:53.786163 [debug] [Thread-4 (]: Finished running node test.superstore.not_null_stg_superstore_sales.86849a7f58
[0m15:44:53.787186 [debug] [Thread-3 (]: Began executing node test.superstore.unique_stg_superstore_row_id.52fbdc42ed
[0m15:44:53.789185 [debug] [Thread-1 (]: Re-using an available connection from the pool (formerly test.superstore.not_null_stg_superstore_row_id.a028666c6e, now test.superstore.not_null_dim_dates_date_key.8dfe93e348)
[0m15:44:53.791185 [debug] [Thread-2 (]: Re-using an available connection from the pool (formerly test.superstore.not_null_stg_superstore_product_id.cd1f4bba11, now test.superstore.unique_dim_dates_date_key.61e1d0726d)
[0m15:44:53.792183 [debug] [Thread-4 (]: Began running node test.superstore.not_null_dim_customers_customer_id.dd91cd1c8d
[0m15:44:53.794727 [debug] [Thread-3 (]: Finished running node test.superstore.unique_stg_superstore_row_id.52fbdc42ed
[0m15:44:53.796750 [debug] [Thread-1 (]: Began compiling node test.superstore.not_null_dim_dates_date_key.8dfe93e348
[0m15:44:53.797752 [debug] [Thread-2 (]: Began compiling node test.superstore.unique_dim_dates_date_key.61e1d0726d
[0m15:44:53.799896 [debug] [Thread-4 (]: Re-using an available connection from the pool (formerly test.superstore.not_null_stg_superstore_sales.86849a7f58, now test.superstore.not_null_dim_customers_customer_id.dd91cd1c8d)
[0m15:44:53.801414 [debug] [Thread-3 (]: Began running node test.superstore.unique_dim_customers_customer_id.15c9f1e2fd
[0m15:44:53.828832 [debug] [Thread-1 (]: Writing injected SQL for node "test.superstore.not_null_dim_dates_date_key.8dfe93e348"
[0m15:44:53.835343 [debug] [Thread-4 (]: Began compiling node test.superstore.not_null_dim_customers_customer_id.dd91cd1c8d
[0m15:44:53.851994 [debug] [Thread-3 (]: Re-using an available connection from the pool (formerly test.superstore.unique_stg_superstore_row_id.52fbdc42ed, now test.superstore.unique_dim_customers_customer_id.15c9f1e2fd)
[0m15:44:53.856987 [debug] [Thread-2 (]: Writing injected SQL for node "test.superstore.unique_dim_dates_date_key.61e1d0726d"
[0m15:44:53.861168 [debug] [Thread-1 (]: Began executing node test.superstore.not_null_dim_dates_date_key.8dfe93e348
[0m15:44:53.889866 [debug] [Thread-4 (]: Writing injected SQL for node "test.superstore.not_null_dim_customers_customer_id.dd91cd1c8d"
[0m15:44:53.890867 [debug] [Thread-3 (]: Began compiling node test.superstore.unique_dim_customers_customer_id.15c9f1e2fd
[0m15:44:53.894257 [debug] [Thread-1 (]: Finished running node test.superstore.not_null_dim_dates_date_key.8dfe93e348
[0m15:44:53.912939 [debug] [Thread-1 (]: Began running node test.superstore.not_null_dim_locations_location_key.375a9dc0f3
[0m15:44:53.923026 [debug] [Thread-3 (]: Writing injected SQL for node "test.superstore.unique_dim_customers_customer_id.15c9f1e2fd"
[0m15:44:53.925072 [debug] [Thread-1 (]: Re-using an available connection from the pool (formerly test.superstore.not_null_dim_dates_date_key.8dfe93e348, now test.superstore.not_null_dim_locations_location_key.375a9dc0f3)
[0m15:44:53.927071 [debug] [Thread-2 (]: Began executing node test.superstore.unique_dim_dates_date_key.61e1d0726d
[0m15:44:53.930479 [debug] [Thread-1 (]: Began compiling node test.superstore.not_null_dim_locations_location_key.375a9dc0f3
[0m15:44:53.931903 [debug] [Thread-4 (]: Began executing node test.superstore.not_null_dim_customers_customer_id.dd91cd1c8d
[0m15:44:53.935484 [debug] [Thread-2 (]: Finished running node test.superstore.unique_dim_dates_date_key.61e1d0726d
[0m15:44:53.945866 [debug] [Thread-4 (]: Finished running node test.superstore.not_null_dim_customers_customer_id.dd91cd1c8d
[0m15:44:53.956472 [debug] [Thread-1 (]: Writing injected SQL for node "test.superstore.not_null_dim_locations_location_key.375a9dc0f3"
[0m15:44:53.957468 [debug] [Thread-3 (]: Began executing node test.superstore.unique_dim_customers_customer_id.15c9f1e2fd
[0m15:44:53.958467 [debug] [Thread-2 (]: Began running node test.superstore.unique_dim_locations_location_key.9d6de2f887
[0m15:44:53.960458 [debug] [Thread-4 (]: Began running node test.superstore.not_null_dim_products_product_id.c8aba288d1
[0m15:44:53.964039 [debug] [Thread-3 (]: Finished running node test.superstore.unique_dim_customers_customer_id.15c9f1e2fd
[0m15:44:53.965576 [debug] [Thread-2 (]: Re-using an available connection from the pool (formerly test.superstore.unique_dim_dates_date_key.61e1d0726d, now test.superstore.unique_dim_locations_location_key.9d6de2f887)
[0m15:44:53.966595 [debug] [Thread-4 (]: Re-using an available connection from the pool (formerly test.superstore.not_null_dim_customers_customer_id.dd91cd1c8d, now test.superstore.not_null_dim_products_product_id.c8aba288d1)
[0m15:44:53.968622 [debug] [Thread-3 (]: Began running node test.superstore.unique_dim_products_product_id.ef7b2a9985
[0m15:44:53.969637 [debug] [Thread-1 (]: Began executing node test.superstore.not_null_dim_locations_location_key.375a9dc0f3
[0m15:44:53.970634 [debug] [Thread-2 (]: Began compiling node test.superstore.unique_dim_locations_location_key.9d6de2f887
[0m15:44:53.971634 [debug] [Thread-4 (]: Began compiling node test.superstore.not_null_dim_products_product_id.c8aba288d1
[0m15:44:53.972634 [debug] [Thread-3 (]: Re-using an available connection from the pool (formerly test.superstore.unique_dim_customers_customer_id.15c9f1e2fd, now test.superstore.unique_dim_products_product_id.ef7b2a9985)
[0m15:44:53.974635 [debug] [Thread-1 (]: Finished running node test.superstore.not_null_dim_locations_location_key.375a9dc0f3
[0m15:44:53.995770 [debug] [Thread-2 (]: Writing injected SQL for node "test.superstore.unique_dim_locations_location_key.9d6de2f887"
[0m15:44:54.021744 [debug] [Thread-4 (]: Writing injected SQL for node "test.superstore.not_null_dim_products_product_id.c8aba288d1"
[0m15:44:54.023427 [debug] [Thread-3 (]: Began compiling node test.superstore.unique_dim_products_product_id.ef7b2a9985
[0m15:44:54.024423 [debug] [Thread-1 (]: Began running node test.superstore.not_null_fact_sales_customer_id.39febb61fd
[0m15:44:54.038758 [debug] [Thread-1 (]: Re-using an available connection from the pool (formerly test.superstore.not_null_dim_locations_location_key.375a9dc0f3, now test.superstore.not_null_fact_sales_customer_id.39febb61fd)
[0m15:44:54.040307 [debug] [Thread-1 (]: Began compiling node test.superstore.not_null_fact_sales_customer_id.39febb61fd
[0m15:44:54.059112 [debug] [Thread-3 (]: Writing injected SQL for node "test.superstore.unique_dim_products_product_id.ef7b2a9985"
[0m15:44:54.067233 [debug] [Thread-1 (]: Writing injected SQL for node "test.superstore.not_null_fact_sales_customer_id.39febb61fd"
[0m15:44:54.069228 [debug] [Thread-2 (]: Began executing node test.superstore.unique_dim_locations_location_key.9d6de2f887
[0m15:44:54.073493 [debug] [Thread-2 (]: Finished running node test.superstore.unique_dim_locations_location_key.9d6de2f887
[0m15:44:54.074511 [debug] [Thread-2 (]: Began running node test.superstore.not_null_fact_sales_location_key.7da02be8cc
[0m15:44:54.075509 [debug] [Thread-4 (]: Began executing node test.superstore.not_null_dim_products_product_id.c8aba288d1
[0m15:44:54.076491 [debug] [Thread-2 (]: Re-using an available connection from the pool (formerly test.superstore.unique_dim_locations_location_key.9d6de2f887, now test.superstore.not_null_fact_sales_location_key.7da02be8cc)
[0m15:44:54.080092 [debug] [Thread-4 (]: Finished running node test.superstore.not_null_dim_products_product_id.c8aba288d1
[0m15:44:54.081082 [debug] [Thread-3 (]: Began executing node test.superstore.unique_dim_products_product_id.ef7b2a9985
[0m15:44:54.082615 [debug] [Thread-2 (]: Began compiling node test.superstore.not_null_fact_sales_location_key.7da02be8cc
[0m15:44:54.083641 [debug] [Thread-1 (]: Began executing node test.superstore.not_null_fact_sales_customer_id.39febb61fd
[0m15:44:54.085157 [debug] [Thread-4 (]: Began running node test.superstore.not_null_fact_sales_product_id.39101802a8
[0m15:44:54.088231 [debug] [Thread-3 (]: Finished running node test.superstore.unique_dim_products_product_id.ef7b2a9985
[0m15:44:54.110003 [debug] [Thread-2 (]: Writing injected SQL for node "test.superstore.not_null_fact_sales_location_key.7da02be8cc"
[0m15:44:54.113536 [debug] [Thread-1 (]: Finished running node test.superstore.not_null_fact_sales_customer_id.39febb61fd
[0m15:44:54.115059 [debug] [Thread-4 (]: Re-using an available connection from the pool (formerly test.superstore.not_null_dim_products_product_id.c8aba288d1, now test.superstore.not_null_fact_sales_product_id.39101802a8)
[0m15:44:54.116869 [debug] [Thread-3 (]: Began running node test.superstore.not_null_fact_sales_sales_line_id.2c2eedaeb9
[0m15:44:54.119387 [debug] [Thread-1 (]: Began running node test.superstore.relationships_fact_sales_customer_id__customer_id__ref_dim_customers_.540baa6d47
[0m15:44:54.120934 [debug] [Thread-4 (]: Began compiling node test.superstore.not_null_fact_sales_product_id.39101802a8
[0m15:44:54.122969 [debug] [Thread-3 (]: Re-using an available connection from the pool (formerly test.superstore.unique_dim_products_product_id.ef7b2a9985, now test.superstore.not_null_fact_sales_sales_line_id.2c2eedaeb9)
[0m15:44:54.124478 [debug] [Thread-1 (]: Re-using an available connection from the pool (formerly test.superstore.not_null_fact_sales_customer_id.39febb61fd, now test.superstore.relationships_fact_sales_customer_id__customer_id__ref_dim_customers_.540baa6d47)
[0m15:44:54.126523 [debug] [Thread-2 (]: Began executing node test.superstore.not_null_fact_sales_location_key.7da02be8cc
[0m15:44:54.146996 [debug] [Thread-4 (]: Writing injected SQL for node "test.superstore.not_null_fact_sales_product_id.39101802a8"
[0m15:44:54.149025 [debug] [Thread-3 (]: Began compiling node test.superstore.not_null_fact_sales_sales_line_id.2c2eedaeb9
[0m15:44:54.150033 [debug] [Thread-1 (]: Began compiling node test.superstore.relationships_fact_sales_customer_id__customer_id__ref_dim_customers_.540baa6d47
[0m15:44:54.153588 [debug] [Thread-2 (]: Finished running node test.superstore.not_null_fact_sales_location_key.7da02be8cc
[0m15:44:54.178729 [debug] [Thread-3 (]: Writing injected SQL for node "test.superstore.not_null_fact_sales_sales_line_id.2c2eedaeb9"
[0m15:44:54.227337 [debug] [Thread-4 (]: Began executing node test.superstore.not_null_fact_sales_product_id.39101802a8
[0m15:44:54.249064 [debug] [Thread-1 (]: Writing injected SQL for node "test.superstore.relationships_fact_sales_customer_id__customer_id__ref_dim_customers_.540baa6d47"
[0m15:44:54.250071 [debug] [Thread-2 (]: Began running node test.superstore.relationships_fact_sales_location_key__location_key__ref_dim_locations_.17fb246068
[0m15:44:54.253588 [debug] [Thread-4 (]: Finished running node test.superstore.not_null_fact_sales_product_id.39101802a8
[0m15:44:54.256167 [debug] [Thread-2 (]: Re-using an available connection from the pool (formerly test.superstore.not_null_fact_sales_location_key.7da02be8cc, now test.superstore.relationships_fact_sales_location_key__location_key__ref_dim_locations_.17fb246068)
[0m15:44:54.259162 [debug] [Thread-4 (]: Began running node test.superstore.relationships_fact_sales_product_id__product_id__ref_dim_products_.c768410e5b
[0m15:44:54.261173 [debug] [Thread-2 (]: Began compiling node test.superstore.relationships_fact_sales_location_key__location_key__ref_dim_locations_.17fb246068
[0m15:44:54.262162 [debug] [Thread-3 (]: Began executing node test.superstore.not_null_fact_sales_sales_line_id.2c2eedaeb9
[0m15:44:54.264164 [debug] [Thread-4 (]: Re-using an available connection from the pool (formerly test.superstore.not_null_fact_sales_product_id.39101802a8, now test.superstore.relationships_fact_sales_product_id__product_id__ref_dim_products_.c768410e5b)
[0m15:44:54.265372 [debug] [Thread-1 (]: Began executing node test.superstore.relationships_fact_sales_customer_id__customer_id__ref_dim_customers_.540baa6d47
[0m15:44:54.275006 [debug] [Thread-3 (]: Finished running node test.superstore.not_null_fact_sales_sales_line_id.2c2eedaeb9
[0m15:44:54.304407 [debug] [Thread-4 (]: Began compiling node test.superstore.relationships_fact_sales_product_id__product_id__ref_dim_products_.c768410e5b
[0m15:44:54.322551 [debug] [Thread-1 (]: Finished running node test.superstore.relationships_fact_sales_customer_id__customer_id__ref_dim_customers_.540baa6d47
[0m15:44:54.336591 [debug] [Thread-2 (]: Writing injected SQL for node "test.superstore.relationships_fact_sales_location_key__location_key__ref_dim_locations_.17fb246068"
[0m15:44:54.338106 [debug] [Thread-3 (]: Began running node test.superstore.unique_fact_sales_sales_line_id.f06bce88c4
[0m15:44:54.380168 [debug] [Thread-4 (]: Writing injected SQL for node "test.superstore.relationships_fact_sales_product_id__product_id__ref_dim_products_.c768410e5b"
[0m15:44:54.382309 [debug] [Thread-3 (]: Re-using an available connection from the pool (formerly test.superstore.not_null_fact_sales_sales_line_id.2c2eedaeb9, now test.superstore.unique_fact_sales_sales_line_id.f06bce88c4)
[0m15:44:54.384333 [debug] [Thread-3 (]: Began compiling node test.superstore.unique_fact_sales_sales_line_id.f06bce88c4
[0m15:44:54.385331 [debug] [Thread-2 (]: Began executing node test.superstore.relationships_fact_sales_location_key__location_key__ref_dim_locations_.17fb246068
[0m15:44:54.403822 [debug] [Thread-3 (]: Writing injected SQL for node "test.superstore.unique_fact_sales_sales_line_id.f06bce88c4"
[0m15:44:54.405967 [debug] [Thread-2 (]: Finished running node test.superstore.relationships_fact_sales_location_key__location_key__ref_dim_locations_.17fb246068
[0m15:44:54.407975 [debug] [Thread-4 (]: Began executing node test.superstore.relationships_fact_sales_product_id__product_id__ref_dim_products_.c768410e5b
[0m15:44:54.409971 [debug] [Thread-4 (]: Finished running node test.superstore.relationships_fact_sales_product_id__product_id__ref_dim_products_.c768410e5b
[0m15:44:54.411975 [debug] [Thread-3 (]: Began executing node test.superstore.unique_fact_sales_sales_line_id.f06bce88c4
[0m15:44:54.414505 [debug] [Thread-3 (]: Finished running node test.superstore.unique_fact_sales_sales_line_id.f06bce88c4
[0m15:44:54.417512 [debug] [MainThread]: Connection 'master' was properly closed.
[0m15:44:54.419034 [debug] [MainThread]: Connection 'list_dev_main_stg' was properly closed.
[0m15:44:54.420061 [debug] [MainThread]: Connection 'list_dev_main_dwh' was properly closed.
[0m15:44:54.421058 [debug] [MainThread]: Connection 'test.superstore.relationships_fact_sales_customer_id__customer_id__ref_dim_customers_.540baa6d47' was properly closed.
[0m15:44:54.422048 [debug] [MainThread]: Connection 'test.superstore.unique_fact_sales_sales_line_id.f06bce88c4' was properly closed.
[0m15:44:54.422048 [debug] [MainThread]: Connection 'test.superstore.relationships_fact_sales_product_id__product_id__ref_dim_products_.c768410e5b' was properly closed.
[0m15:44:54.423579 [debug] [MainThread]: Connection 'test.superstore.relationships_fact_sales_location_key__location_key__ref_dim_locations_.17fb246068' was properly closed.
[0m15:44:54.438497 [debug] [MainThread]: Command end result
[0m15:44:54.758700 [debug] [MainThread]: Wrote artifact WritableManifest to D:\NTI - 2026\projects\HW_dbtWithDuck\superstore_airflow_dbt_duckdb\superstore_pipeline\dbt_superstore\target\manifest.json
[0m15:44:54.803258 [debug] [MainThread]: Wrote artifact SemanticManifest to D:\NTI - 2026\projects\HW_dbtWithDuck\superstore_airflow_dbt_duckdb\superstore_pipeline\dbt_superstore\target\semantic_manifest.json
[0m15:44:55.008301 [debug] [MainThread]: Wrote artifact OsiDocument to D:\NTI - 2026\projects\HW_dbtWithDuck\superstore_airflow_dbt_duckdb\superstore_pipeline\dbt_superstore\target\osi_document.json
[0m15:44:55.038232 [debug] [MainThread]: Wrote artifact RunExecutionResult to D:\NTI - 2026\projects\HW_dbtWithDuck\superstore_airflow_dbt_duckdb\superstore_pipeline\dbt_superstore\target\run_results.json
[0m15:44:55.074372 [debug] [MainThread]: Acquiring new duckdb connection 'generate_catalog'
[0m15:44:55.074940 [info ] [MainThread]: Building catalog
[0m15:44:55.106856 [debug] [ThreadPool]: Acquiring new duckdb connection 'dev.information_schema'
[0m15:44:55.148667 [debug] [ThreadPool]: Using duckdb connection "dev.information_schema"
[0m15:44:55.149712 [debug] [ThreadPool]: On dev.information_schema: /* {"app": "dbt", "dbt_version": "1.12.5", "profile_name": "superstore", "target_name": "dev", "connection_name": "dev.information_schema"} */

    
    with tables as (
      select *
    from (
        select
            t.database_name as table_database,
            t.schema_name as table_schema,
            t.table_name as table_name,
            'BASE TABLE' as table_type,
            t.comment as table_comment
        from duckdb_tables() t
        where upper(t.database_name) = upper('dev')

        union all

        select
            v.database_name as table_database,
            v.schema_name as table_schema,
            v.view_name as table_name,
            'VIEW' as table_type,
            v.comment as table_comment
        from duckdb_views() v
        where upper(v.database_name) = upper('dev')
    ) catalog_tables
      
        where (

                (
                    upper(table_schema) = upper('main_dwh')
                    and upper(table_name) = upper('agg_monthly_sales')
                ) or 

                (
                    upper(table_schema) = upper('main_dwh')
                    and upper(table_name) = upper('dim_dates')
                ) or 

                (
                    upper(table_schema) = upper('main_dwh')
                    and upper(table_name) = upper('dim_locations')
                ) or 

                (
                    upper(table_schema) = upper('main_stg')
                    and upper(table_name) = upper('stg_superstore')
                ) or 

                (
                    upper(table_schema) = upper('main_dwh')
                    and upper(table_name) = upper('dim_products')
                ) or 

                (
                    upper(table_schema) = upper('ods')
                    and upper(table_name) = upper('raw_superstore')
                ) or 

                (
                    upper(table_schema) = upper('main_dwh')
                    and upper(table_name) = upper('dim_customers')
                ) or 

                (
                    upper(table_schema) = upper('main_dwh')
                    and upper(table_name) = upper('fact_sales')
                ))
    
    ),
    columns as (
      select *
    from (
        select
            c.database_name as table_database,
            c.schema_name as table_schema,
            c.table_name as table_name,
            c.column_name as column_name,
            c.column_index as column_index,
            c.data_type as column_type,
            c.comment as column_comment
        from duckdb_columns() c
        where upper(c.database_name) = upper('dev')
    ) catalog_columns
      
        where (

                (
                    upper(table_schema) = upper('main_dwh')
                    and upper(table_name) = upper('agg_monthly_sales')
                ) or 

                (
                    upper(table_schema) = upper('main_dwh')
                    and upper(table_name) = upper('dim_dates')
                ) or 

                (
                    upper(table_schema) = upper('main_dwh')
                    and upper(table_name) = upper('dim_locations')
                ) or 

                (
                    upper(table_schema) = upper('main_stg')
                    and upper(table_name) = upper('stg_superstore')
                ) or 

                (
                    upper(table_schema) = upper('main_dwh')
                    and upper(table_name) = upper('dim_products')
                ) or 

                (
                    upper(table_schema) = upper('ods')
                    and upper(table_name) = upper('raw_superstore')
                ) or 

                (
                    upper(table_schema) = upper('main_dwh')
                    and upper(table_name) = upper('dim_customers')
                ) or 

                (
                    upper(table_schema) = upper('main_dwh')
                    and upper(table_name) = upper('fact_sales')
                ))
    
    )
    select
        tables.table_database,
        tables.table_schema,
        tables.table_name,
        tables.table_type,
        tables.table_comment,
        columns.column_name,
        columns.column_index,
        columns.column_type,
        columns.column_comment,
        null as table_owner
    from tables
    join columns using (table_database, table_schema, table_name)
    order by table_schema, table_name, column_index
  
  
[0m15:44:55.150733 [debug] [ThreadPool]: Opening a new connection, currently in state init
[0m15:44:55.218233 [debug] [ThreadPool]: SQL status: OK in 0.067 seconds
[0m15:44:55.233984 [debug] [ThreadPool]: On dev.information_schema: Close
[0m15:44:55.283319 [debug] [MainThread]: Wrote artifact CatalogArtifact to D:\NTI - 2026\projects\HW_dbtWithDuck\superstore_airflow_dbt_duckdb\superstore_pipeline\dbt_superstore\target\catalog.json
[0m15:44:55.438452 [debug] [MainThread]: Wrote artifact WritableManifest to D:\NTI - 2026\projects\HW_dbtWithDuck\superstore_airflow_dbt_duckdb\superstore_pipeline\dbt_superstore\target\manifest.json
[0m15:44:55.451119 [debug] [MainThread]: Wrote artifact SemanticManifest to D:\NTI - 2026\projects\HW_dbtWithDuck\superstore_airflow_dbt_duckdb\superstore_pipeline\dbt_superstore\target\semantic_manifest.json
[0m15:44:55.463804 [debug] [MainThread]: Wrote artifact OsiDocument to D:\NTI - 2026\projects\HW_dbtWithDuck\superstore_airflow_dbt_duckdb\superstore_pipeline\dbt_superstore\target\osi_document.json
[0m15:44:55.465326 [info ] [MainThread]: Catalog written to D:\NTI - 2026\projects\HW_dbtWithDuck\superstore_airflow_dbt_duckdb\superstore_pipeline\dbt_superstore\target\catalog.json
[0m15:44:55.469458 [debug] [MainThread]: Command `dbt docs generate` succeeded at 15:44:55.467892 after 8.88 seconds
[0m15:44:55.471038 [debug] [MainThread]: Connection 'generate_catalog' was properly closed.
[0m15:44:55.472081 [debug] [MainThread]: Connection 'dev.information_schema' was properly closed.
[0m15:44:55.474071 [debug] [MainThread]: Sending event: {'category': 'dbt', 'action': 'invocation', 'label': 'end', 'context': [<snowplow_tracker.self_describing_json.SelfDescribingJson object at 0x00000155696F7E00>, <snowplow_tracker.self_describing_json.SelfDescribingJson object at 0x0000015567896900>, <snowplow_tracker.self_describing_json.SelfDescribingJson object at 0x0000015567B0E8D0>]}
[0m15:44:55.475065 [debug] [MainThread]: Flushing usage events
[0m15:44:57.040627 [debug] [MainThread]: An error was encountered while trying to flush usage events
[0m15:45:15.837283 [debug] [MainThread]: Sending event: {'category': 'dbt', 'action': 'invocation', 'label': 'start', 'context': [<snowplow_tracker.self_describing_json.SelfDescribingJson object at 0x0000019FDE7DE510>, <snowplow_tracker.self_describing_json.SelfDescribingJson object at 0x0000019FE1378050>, <snowplow_tracker.self_describing_json.SelfDescribingJson object at 0x0000019FE1379880>]}


============================== 15:45:15.848331 | 09bba0fa-87c3-4f5a-bb7c-3a69cc33273f ==============================
[0m15:45:15.848331 [info ] [MainThread]: Running with dbt=1.12.5
[0m15:45:15.850332 [debug] [MainThread]: running dbt with arguments {'static_parser': 'True', 'no_print': 'None', 'maximum_seed_size_mib': '1', 'target_path': 'None', 'version_check': 'True', 'warn_error_options': 'WarnErrorOptionsV2(error=[], warn=[], silence=[])', 'printer_width': '80', 'write_json': 'True', 'introspect': 'True', 'log_cache_events': 'False', 'empty': 'None', 'cache_selected_only': 'False', 'log_format': 'default', 'debug': 'False', 'fail_fast': 'False', 'profiles_dir': 'D:\\NTI - 2026\\projects\\HW_dbtWithDuck\\superstore_airflow_dbt_duckdb\\superstore_pipeline\\dbt_superstore', 'send_anonymous_usage_stats': 'True', 'quiet': 'False', 'warn_error': 'None', 'partial_parse': 'True', 'indirect_selection': 'eager', 'hints_enabled': 'True', 'invocation_command': 'dbt docs serve', 'use_experimental_parser': 'False', 'use_colors': 'True', 'log_path': 'D:\\NTI - 2026\\projects\\HW_dbtWithDuck\\superstore_airflow_dbt_duckdb\\superstore_pipeline\\dbt_superstore\\logs'}
[0m15:45:16.506872 [debug] [MainThread]: Sending event: {'category': 'dbt', 'action': 'project_id', 'label': '09bba0fa-87c3-4f5a-bb7c-3a69cc33273f', 'context': [<snowplow_tracker.self_describing_json.SelfDescribingJson object at 0x0000019FE31CD610>]}
[0m15:45:16.681609 [debug] [MainThread]: Sending event: {'category': 'dbt', 'action': 'adapter_info', 'label': '09bba0fa-87c3-4f5a-bb7c-3a69cc33273f', 'context': [<snowplow_tracker.self_describing_json.SelfDescribingJson object at 0x0000019FE0F66A20>]}
[0m15:45:16.936926 [error] [MainThread]: [[31mERROR[0m]: Encountered an error:
[WinError 10048] Only one usage of each socket address (protocol/network address/port) is normally permitted
[0m15:45:16.978353 [error] [MainThread]: Traceback (most recent call last):
  File "D:\NTI - 2026\projects\HW_dbtWithDuck\superstore_airflow_dbt_duckdb\superstore_pipeline\.venv\Lib\site-packages\dbt\cli\requires.py", line 198, in wrapper
    result, success = func(*args, **kwargs)
                      ^^^^^^^^^^^^^^^^^^^^^
  File "D:\NTI - 2026\projects\HW_dbtWithDuck\superstore_airflow_dbt_duckdb\superstore_pipeline\.venv\Lib\site-packages\dbt\cli\requires.py", line 144, in wrapper
    return func(*args, **kwargs)
           ^^^^^^^^^^^^^^^^^^^^^
  File "D:\NTI - 2026\projects\HW_dbtWithDuck\superstore_airflow_dbt_duckdb\superstore_pipeline\.venv\Lib\site-packages\dbt\cli\requires.py", line 295, in wrapper
    return func(*args, **kwargs)
           ^^^^^^^^^^^^^^^^^^^^^
  File "D:\NTI - 2026\projects\HW_dbtWithDuck\superstore_airflow_dbt_duckdb\superstore_pipeline\.venv\Lib\site-packages\dbt\cli\requires.py", line 340, in wrapper
    return func(*args, **kwargs)
           ^^^^^^^^^^^^^^^^^^^^^
  File "D:\NTI - 2026\projects\HW_dbtWithDuck\superstore_airflow_dbt_duckdb\superstore_pipeline\.venv\Lib\site-packages\dbt\cli\requires.py", line 387, in wrapper
    return func(*args, **kwargs)
           ^^^^^^^^^^^^^^^^^^^^^
  File "D:\NTI - 2026\projects\HW_dbtWithDuck\superstore_airflow_dbt_duckdb\superstore_pipeline\.venv\Lib\site-packages\dbt\cli\main.py", line 323, in docs_serve
    results = task.run()
              ^^^^^^^^^^
  File "D:\NTI - 2026\projects\HW_dbtWithDuck\superstore_airflow_dbt_duckdb\superstore_pipeline\.venv\Lib\site-packages\dbt\task\docs\serve.py", line 24, in run
    with socketserver.TCPServer((host, port), SimpleHTTPRequestHandler) as httpd:
         ^^^^^^^^^^^^^^^^^^^^^^^^^^^^^^^^^^^^^^^^^^^^^^^^^^^^^^^^^^^^^^
  File "C:\Users\ahmad\AppData\Local\Programs\Python\Python312\Lib\socketserver.py", line 457, in __init__
    self.server_bind()
  File "C:\Users\ahmad\AppData\Local\Programs\Python\Python312\Lib\socketserver.py", line 478, in server_bind
    self.socket.bind(self.server_address)
OSError: [WinError 10048] Only one usage of each socket address (protocol/network address/port) is normally permitted

[0m15:45:16.980332 [debug] [MainThread]: Command `dbt docs serve` failed at 15:45:16.980332 after 1.52 seconds
[0m15:45:16.982335 [debug] [MainThread]: Sending event: {'category': 'dbt', 'action': 'invocation', 'label': 'end', 'context': [<snowplow_tracker.self_describing_json.SelfDescribingJson object at 0x0000019FE1297680>, <snowplow_tracker.self_describing_json.SelfDescribingJson object at 0x0000019FE326C410>, <snowplow_tracker.self_describing_json.SelfDescribingJson object at 0x0000019FE326CF50>]}
[0m15:45:16.983335 [debug] [MainThread]: Flushing usage events
[0m15:45:18.346795 [debug] [MainThread]: An error was encountered while trying to flush usage events
[0m15:46:08.521533 [debug] [MainThread]: Sending event: {'category': 'dbt', 'action': 'invocation', 'label': 'start', 'context': [<snowplow_tracker.self_describing_json.SelfDescribingJson object at 0x0000021B501BDA60>, <snowplow_tracker.self_describing_json.SelfDescribingJson object at 0x0000021B528C5FA0>, <snowplow_tracker.self_describing_json.SelfDescribingJson object at 0x0000021B51DD3680>]}


============================== 15:46:08.532079 | cf967be6-55c0-4b84-9b75-1ac2a5d6c7c1 ==============================
[0m15:46:08.532079 [info ] [MainThread]: Running with dbt=1.12.5
[0m15:46:08.533065 [debug] [MainThread]: running dbt with arguments {'maximum_seed_size_mib': '1', 'no_print': 'None', 'version_check': 'True', 'target_path': 'None', 'warn_error_options': 'WarnErrorOptionsV2(error=[], warn=[], silence=[])', 'static_parser': 'True', 'printer_width': '80', 'write_json': 'True', 'empty': 'None', 'log_cache_events': 'False', 'introspect': 'True', 'cache_selected_only': 'False', 'fail_fast': 'False', 'debug': 'False', 'log_format': 'default', 'profiles_dir': 'D:\\NTI - 2026\\projects\\HW_dbtWithDuck\\superstore_airflow_dbt_duckdb\\superstore_pipeline\\dbt_superstore', 'send_anonymous_usage_stats': 'True', 'quiet': 'False', 'warn_error': 'None', 'partial_parse': 'True', 'invocation_command': 'dbt docs serve --port 8081', 'hints_enabled': 'True', 'use_colors': 'True', 'use_experimental_parser': 'False', 'indirect_selection': 'eager', 'log_path': 'D:\\NTI - 2026\\projects\\HW_dbtWithDuck\\superstore_airflow_dbt_duckdb\\superstore_pipeline\\dbt_superstore\\logs'}
[0m15:46:09.172518 [debug] [MainThread]: Sending event: {'category': 'dbt', 'action': 'project_id', 'label': 'cf967be6-55c0-4b84-9b75-1ac2a5d6c7c1', 'context': [<snowplow_tracker.self_describing_json.SelfDescribingJson object at 0x0000021B502CB860>]}
[0m15:46:09.371642 [debug] [MainThread]: Sending event: {'category': 'dbt', 'action': 'adapter_info', 'label': 'cf967be6-55c0-4b84-9b75-1ac2a5d6c7c1', 'context': [<snowplow_tracker.self_describing_json.SelfDescribingJson object at 0x0000021B50D7CDD0>]}
==================== 2026-10-04T16:52:15.571143Z | 01a107d4-9800-79b1-87e1-7f72490de383 ====================
==================== 2026-10-04T17:02:30.416693Z | 01a107dd-fa02-71b2-8849-5816069d9d58 ====================
17:02:30.421052 [info ]: dbt 2.0.6
17:02:30.433146 [info ]: Started loading project
17:02:30.515702 [info ]: Loading profiles.yml
17:02:30.676833 [debug]:    Started loading packages
17:02:30.733837 [debug]:     Loaded [  0.06s] packages
17:02:30.767600 [info ]: Finished loading project [  0.33s]
17:02:30.776313 [info ]: Started parsing
17:02:30.912601 [debug]: Finished parsing models/marts/schema.yml [  0.02s]
17:02:30.913163 [debug]: Finished parsing models/staging/schema.yml [  0.00s]
17:02:30.915490 [debug]: Finished parsing models/staging/sources.yml [  0.00s]
17:02:30.979012 [debug]: Finished parsing models/marts/agg_monthly_sales.sql [  0.04s]
17:02:30.980714 [debug]: Finished parsing models/marts/dim_customers.sql [  0.00s]
17:02:30.981765 [debug]: Finished parsing models/marts/dim_dates.sql [  0.00s]
17:02:30.982539 [debug]: Finished parsing models/marts/dim_locations.sql [  0.00s]
17:02:30.983261 [debug]: Finished parsing models/marts/dim_products.sql [  0.00s]
17:02:30.984561 [debug]: Finished parsing models/marts/fact_sales.sql [  0.00s]
17:02:30.987215 [debug]: Finished parsing models/staging/stg_superstore.sql [  0.00s]
17:02:31.040749 [debug]: Finished parsing target\generic_tests\unique_dim_customers_customer_id.sql [  0.00s]
17:02:31.041586 [debug]: Finished parsing target\generic_tests\not_null_dim_customers_customer_id.sql [  0.00s]
17:02:31.042265 [debug]: Finished parsing target\generic_tests\unique_dim_dates_date_key.sql [  0.00s]
17:02:31.042974 [debug]: Finished parsing target\generic_tests\not_null_dim_dates_date_key.sql [  0.00s]
17:02:31.043638 [debug]: Finished parsing target\generic_tests\unique_dim_locations_location_key.sql [  0.00s]
17:02:31.044347 [debug]: Finished parsing target\generic_tests\not_null_dim_locations_location_key.sql [  0.00s]
17:02:31.045028 [debug]: Finished parsing target\generic_tests\unique_dim_products_product_id.sql [  0.00s]
17:02:31.045717 [debug]: Finished parsing target\generic_tests\not_null_dim_products_product_id.sql [  0.00s]
17:02:31.046404 [debug]: Finished parsing target\generic_tests\not_null_fact_sales_customer_id.sql [  0.00s]
17:02:31.047106 [debug]: Finished parsing target\generic_tests\relationships_fact_sales_544ec3fbc8a927546a36edafe911e656.sql [  0.00s]
17:02:31.047784 [debug]: Finished parsing target\generic_tests\not_null_fact_sales_location_key.sql [  0.00s]
17:02:31.048435 [debug]: Finished parsing target\generic_tests\relationships_fact_sales_95815ddc9a650b8016dfbbdf60d3ee44.sql [  0.00s]
17:02:31.049095 [debug]: Finished parsing target\generic_tests\not_null_fact_sales_product_id.sql [  0.00s]
17:02:31.050224 [debug]: Finished parsing target\generic_tests\relationships_fact_sales_87c96c8bc9e9c945543d76691d575460.sql [  0.00s]
17:02:31.051057 [debug]: Finished parsing target\generic_tests\unique_fact_sales_sales_line_id.sql [  0.00s]
17:02:31.051846 [debug]: Finished parsing target\generic_tests\not_null_fact_sales_sales_line_id.sql [  0.00s]
17:02:31.052663 [debug]: Finished parsing target\generic_tests\not_null_stg_superstore_customer_id.sql [  0.00s]
17:02:31.053451 [debug]: Finished parsing target\generic_tests\not_null_stg_superstore_order_date.sql [  0.00s]
17:02:31.054176 [debug]: Finished parsing target\generic_tests\not_null_stg_superstore_order_id.sql [  0.00s]
17:02:31.054883 [debug]: Finished parsing target\generic_tests\not_null_stg_superstore_product_id.sql [  0.00s]
17:02:31.055584 [debug]: Finished parsing target\generic_tests\unique_stg_superstore_row_id.sql [  0.00s]
17:02:31.056321 [debug]: Finished parsing target\generic_tests\not_null_stg_superstore_row_id.sql [  0.00s]
17:02:31.057028 [debug]: Finished parsing target\generic_tests\not_null_stg_superstore_sales.sql [  0.00s]
17:02:31.250564 [info ]: Finished parsing [  0.47s]
17:02:31.449068 [info ]: Started scheduling
17:02:31.456619 [info ]: Finished scheduling [  0.01s]
17:02:31.467275 [debug]: Initializing schema store with entry: Frontier(CanonicalFqn { catalog: "dev", schema: "ods", table: "raw_superstore" }) and interval: None
17:02:31.503411 [info ]: Started building task graph
17:02:31.515088 [info ]: Finished building task graph [  0.01s]
17:02:31.610812 [debug]: DuckDB driver resolved: duckdb 1.5.4
17:02:36.095235 [debug]: create_debug_span(...).entered() took 1.4285ms
17:02:36.098044 [debug]: stmt.execute() (submit+wait_for_completion, returns reader) took 950.2µs
17:02:36.098658 [debug]: reader.schema() took 598.4µs
17:02:36.098707 [debug]: batch-consume loop (for res in reader) took 37.5µs
17:02:36.099126 [debug]: do_execute(conn) (closure: stmt.execute + schema + batch loop) took 3.8701ms
17:02:36.099837 [debug]: concat_batches + normalize_result_column_names took 698.5µs
17:02:36.100247 [debug]: record_current_span_status_from_attrs took 398.4µs
17:02:36.100563 [debug]: Query executed on node unknown:
/* {"app": "dbt", "connection_name": "", "dbt_version": "2.0.0", "profile_name": "superstore", "target_name": "dev"} */

    
    select schema_name
    from system.information_schema.schemata
    
    where lower(catalog_name) = '"dev"'
    
  
  
17:02:36.100963 [debug]: drop(query_span_guard) (span exit/export) took 702.8µs
17:02:36.109308 [debug]: create_debug_span(...).entered() took 7.4µs
17:02:36.109755 [debug]: stmt.execute() (submit+wait_for_completion, returns reader) took 165.1µs
17:02:36.109765 [debug]: reader.schema() took 100ns
17:02:36.109778 [debug]: batch-consume loop (for res in reader) took 9.2µs
17:02:36.109788 [debug]: do_execute(conn) (closure: stmt.execute + schema + batch loop) took 469.5µs
17:02:36.109794 [debug]: concat_batches + normalize_result_column_names took 3µs
17:02:36.109797 [debug]: record_current_span_status_from_attrs took 800ns
17:02:36.109801 [debug]: Query executed on node unknown:
/* {"app": "dbt", "connection_name": "", "dbt_version": "2.0.0", "profile_name": "superstore", "target_name": "dev"} */

    
        select type from duckdb_databases()
        where lower(database_name)='dev'
        and type='sqlite'
    
  
17:02:36.109814 [debug]: drop(query_span_guard) (span exit/export) took 13.9µs
17:02:36.111849 [debug]: create_debug_span(...).entered() took 5.9µs
17:02:36.112082 [debug]: stmt.execute() (submit+wait_for_completion, returns reader) took 88.8µs
17:02:36.112091 [debug]: reader.schema() took 100ns
17:02:36.112441 [debug]: do_execute(conn) (closure: stmt.execute + schema + batch loop) took 580.4µs
17:02:36.112454 [debug]: concat_batches + normalize_result_column_names took 2.4µs
17:02:36.112459 [debug]: record_current_span_status_from_attrs took 800ns
17:02:36.112463 [debug]: Query executed on node unknown:
/* {"app": "dbt", "connection_name": "", "dbt_version": "2.0.0", "profile_name": "superstore", "target_name": "dev"} */

    
    
        create schema if not exists "dev"."main_dwh"
    
17:02:36.112476 [debug]: drop(query_span_guard) (span exit/export) took 13.8µs
17:02:36.112790 [debug]: create_debug_span(...).entered() took 5.3µs
17:02:36.113272 [debug]: stmt.execute() (submit+wait_for_completion, returns reader) took 115.8µs
17:02:36.113282 [debug]: reader.schema() took 100ns
17:02:36.113295 [debug]: batch-consume loop (for res in reader) took 8.9µs
17:02:36.113305 [debug]: do_execute(conn) (closure: stmt.execute + schema + batch loop) took 505.1µs
17:02:36.113311 [debug]: concat_batches + normalize_result_column_names took 2.7µs
17:02:36.113314 [debug]: record_current_span_status_from_attrs took 800ns
17:02:36.113318 [debug]: Query executed on node unknown:
/* {"app": "dbt", "connection_name": "", "dbt_version": "2.0.0", "profile_name": "superstore", "target_name": "dev"} */

    
        select type from duckdb_databases()
        where lower(database_name)='dev'
        and type='sqlite'
    
  
17:02:36.113331 [debug]: drop(query_span_guard) (span exit/export) took 13.8µs
17:02:36.113499 [debug]: create_debug_span(...).entered() took 5.5µs
17:02:36.113676 [debug]: stmt.execute() (submit+wait_for_completion, returns reader) took 93.1µs
17:02:36.113684 [debug]: reader.schema() took 200ns
17:02:36.113692 [debug]: do_execute(conn) (closure: stmt.execute + schema + batch loop) took 182.8µs
17:02:36.113710 [debug]: concat_batches + normalize_result_column_names took 1.7µs
17:02:36.113714 [debug]: record_current_span_status_from_attrs took 700ns
17:02:36.113717 [debug]: Query executed on node unknown:
/* {"app": "dbt", "connection_name": "", "dbt_version": "2.0.0", "profile_name": "superstore", "target_name": "dev"} */

    
    
        create schema if not exists "dev"."main_stg"
    
17:02:36.113730 [debug]: drop(query_span_guard) (span exit/export) took 13.8µs
17:02:36.119792 [info ]: Started rendering (7 nodes)
17:02:36.121205 [info ]: Started model main_stg.stg_superstore
17:02:36.121616 [debug]: Started rendering model main_stg.stg_superstore
17:02:36.137857 [debug]: Compiled SQL for node model.superstore.stg_superstore at target\compiled\superstore\models\staging\stg_superstore.sql
17:02:36.140951 [debug]: Finished rendering [  0.02s] model main_stg.stg_superstore [success]
17:02:36.143057 [info ]: Started analyzing (7 nodes)
17:02:36.143415 [debug]: Started analyzing model main_stg.stg_superstore
17:02:36.235226 [debug]: Finished analyzing [  0.09s] model main_stg.stg_superstore [success]
17:02:36.236377 [info ]: Started running (7 nodes)
17:02:36.236717 [info ]: Started running model main_stg.stg_superstore
17:02:36.286443 [debug]: create_debug_span(...).entered() took 15.6µs
17:02:36.289795 [debug]: stmt.execute() (submit+wait_for_completion, returns reader) took 1.9944ms
17:02:36.289813 [debug]: reader.schema() took 400ns
17:02:36.289899 [debug]: batch-consume loop (for res in reader) took 80.6µs
17:02:36.289929 [debug]: do_execute(conn) (closure: stmt.execute + schema + batch loop) took 3.4673ms
17:02:36.290591 [debug]: concat_batches + normalize_result_column_names took 655.3µs
17:02:36.290606 [debug]: record_current_span_status_from_attrs took 2.4µs
17:02:36.290613 [debug]: Query executed on node model.superstore.stg_superstore:
SELECT table_catalog, table_schema, table_name, table_type FROM information_schema.tables WHERE table_schema = 'main_stg' AND lower(table_catalog) = lower('dev')
17:02:36.290630 [debug]: drop(query_span_guard) (span exit/export) took 21.1µs
17:02:36.296092 [debug]: Writing runtime sql for node "model.superstore.stg_superstore"
17:02:36.298329 [debug]: create_debug_span(...).entered() took 15.6µs
17:02:36.333954 [debug]: stmt.execute() (submit+wait_for_completion, returns reader) took 33.7373ms
17:02:36.334002 [debug]: reader.schema() took 400ns
17:02:36.334074 [debug]: do_execute(conn) (closure: stmt.execute + schema + batch loop) took 35.726ms
17:02:36.334095 [debug]: concat_batches + normalize_result_column_names took 7.6µs
17:02:36.334106 [debug]: record_current_span_status_from_attrs took 3.1µs
17:02:36.334120 [debug]: Query executed on node model.superstore.stg_superstore:
/* {"app": "dbt", "dbt_version": "2.0.0", "node_id": "model.superstore.stg_superstore", "profile_name": "superstore", "target_name": "dev"} */

  
  create view "dev"."main_stg"."stg_superstore__dbt_tmp" as (
    

with source as (
    select * from "dev"."ods"."raw_superstore"
),

renamed as (
    select
        cast("Row ID" as integer) as row_id,
        trim(cast("Order ID" as varchar)) as order_id,
        cast("Order Date" as date) as order_date,
        cast("Ship Date" as date) as ship_date,
        trim(cast("Ship Mode" as varchar)) as ship_mode,
        trim(cast("Customer ID" as varchar)) as customer_id,
        trim(cast("Customer Name" as varchar)) as customer_name,
        trim(cast("Segment" as varchar)) as segment,
        trim(cast("Country" as varchar)) as country,
        trim(cast("City" as varchar)) as city,
        trim(cast("State" as varchar)) as state,
        lpad(cast(cast("Postal Code" as bigint) as varchar), 5, '0') as postal_code,
        trim(cast("Region" as varchar)) as region,
        trim(cast("Product ID" as varchar)) as product_id,
        trim(cast("Category" as varchar)) as category,
        trim(cast("Sub-Category" as varchar)) as sub_category,
        trim(cast("Product Name" as varchar)) as product_name,
        cast("Sales" as decimal(18, 4)) as sales,
        cast("Quantity" as integer) as quantity,
        cast("Discount" as decimal(10, 4)) as discount,
        cast("Profit" as decimal(18, 4)) as profit
    from source
)

select
    *,
    date_diff('day', order_date, ship_date) as shipping_days,
    case when profit > 0 then true else false end as is_profitable,
    case when sales = 0 then null else round(profit / sales, 4) end as profit_margin
from renamed
  );

17:02:36.334162 [debug]: drop(query_span_guard) (span exit/export) took 46.4µs
17:02:36.339223 [debug]: create_debug_span(...).entered() took 14.8µs
17:02:36.369736 [debug]: stmt.execute() (submit+wait_for_completion, returns reader) took 30.2859ms
17:02:36.369793 [debug]: reader.schema() took 800ns
17:02:36.369837 [debug]: do_execute(conn) (closure: stmt.execute + schema + batch loop) took 30.5926ms
17:02:36.369863 [debug]: concat_batches + normalize_result_column_names took 9.9µs
17:02:36.369881 [debug]: record_current_span_status_from_attrs took 5.5µs
17:02:36.369901 [debug]: Query executed on node model.superstore.stg_superstore:
/* {"app": "dbt", "dbt_version": "2.0.0", "node_id": "model.superstore.stg_superstore", "profile_name": "superstore", "target_name": "dev"} */
alter view "dev"."main_stg"."stg_superstore" rename to "stg_superstore__dbt_backup"
17:02:36.369960 [debug]: drop(query_span_guard) (span exit/export) took 67.4µs
17:02:36.375883 [debug]: create_debug_span(...).entered() took 22.4µs
17:02:36.405188 [debug]: stmt.execute() (submit+wait_for_completion, returns reader) took 29.0007ms
17:02:36.405210 [debug]: reader.schema() took 700ns
17:02:36.405228 [debug]: do_execute(conn) (closure: stmt.execute + schema + batch loop) took 29.3167ms
17:02:36.405237 [debug]: concat_batches + normalize_result_column_names took 4.9µs
17:02:36.405243 [debug]: record_current_span_status_from_attrs took 2.3µs
17:02:36.405250 [debug]: Query executed on node model.superstore.stg_superstore:
/* {"app": "dbt", "dbt_version": "2.0.0", "node_id": "model.superstore.stg_superstore", "profile_name": "superstore", "target_name": "dev"} */
alter view "dev"."main_stg"."stg_superstore__dbt_tmp" rename to "stg_superstore"
17:02:36.405271 [debug]: drop(query_span_guard) (span exit/export) took 24.6µs
17:02:36.409556 [debug]: create_debug_span(...).entered() took 14µs
17:02:36.440888 [debug]: stmt.execute() (submit+wait_for_completion, returns reader) took 31.0639ms
17:02:36.440909 [debug]: reader.schema() took 400ns
17:02:36.440925 [debug]: do_execute(conn) (closure: stmt.execute + schema + batch loop) took 31.3309ms
17:02:36.440935 [debug]: concat_batches + normalize_result_column_names took 4.8µs
17:02:36.440941 [debug]: record_current_span_status_from_attrs took 2.5µs
17:02:36.440949 [debug]: Query executed on node model.superstore.stg_superstore:
/* {"app": "dbt", "dbt_version": "2.0.0", "node_id": "model.superstore.stg_superstore", "profile_name": "superstore", "target_name": "dev"} */

      drop view if exists "dev"."main_stg"."stg_superstore__dbt_backup" cascade
    
17:02:36.440971 [debug]: drop(query_span_guard) (span exit/export) took 25.4µs
17:02:36.445615 [info ]: Finished running [  0.21s] model main_stg.stg_superstore [success]
17:02:36.446512 [info ]:  Succeeded model main_stg.stg_superstore (view) [1 of 7 in 0.32s]
17:02:36.447219 [info ]: Started model main_dwh.fact_sales
17:02:36.447233 [debug]: Started rendering model main_dwh.fact_sales
17:02:36.447279 [info ]: Started model main_dwh.dim_customers
17:02:36.447310 [debug]: Started rendering model main_dwh.dim_customers
17:02:36.447323 [info ]: Started model main_dwh.dim_dates
17:02:36.447331 [debug]: Started rendering model main_dwh.dim_dates
17:02:36.447347 [info ]: Started model main_dwh.agg_monthly_sales
17:02:36.447354 [debug]: Started rendering model main_dwh.agg_monthly_sales
17:02:36.447372 [info ]: Started model main_dwh.dim_locations
17:02:36.447381 [debug]: Started rendering model main_dwh.dim_locations
17:02:36.447433 [info ]: Started model main_dwh.dim_products
17:02:36.447445 [debug]: Started rendering model main_dwh.dim_products
17:02:36.453403 [debug]: Compiled SQL for node model.superstore.fact_sales at target\compiled\superstore\models\marts\fact_sales.sql
17:02:36.453506 [debug]: Finished rendering [  0.01s] model main_dwh.fact_sales [success]
17:02:36.454563 [debug]: Started analyzing model main_dwh.fact_sales
17:02:36.463277 [debug]: Compiled SQL for node model.superstore.dim_customers at target\compiled\superstore\models\marts\dim_customers.sql
17:02:36.463573 [debug]: Compiled SQL for node model.superstore.dim_locations at target\compiled\superstore\models\marts\dim_locations.sql
17:02:36.463618 [debug]: Compiled SQL for node model.superstore.dim_dates at target\compiled\superstore\models\marts\dim_dates.sql
17:02:36.463674 [debug]: Compiled SQL for node model.superstore.agg_monthly_sales at target\compiled\superstore\models\marts\agg_monthly_sales.sql
17:02:36.463527 [debug]: Finished rendering [  0.02s] model main_dwh.dim_customers [success]
17:02:36.464165 [debug]: Started analyzing model main_dwh.dim_customers
17:02:36.464235 [debug]: Finished rendering [  0.02s] model main_dwh.dim_locations [success]
17:02:36.465105 [debug]: Started analyzing model main_dwh.dim_locations
17:02:36.465184 [debug]: Finished rendering [  0.02s] model main_dwh.dim_dates [success]
17:02:36.465439 [debug]: Started analyzing model main_dwh.dim_dates
17:02:36.465615 [debug]: Compiled SQL for node model.superstore.dim_products at target\compiled\superstore\models\marts\dim_products.sql
17:02:36.465489 [debug]: Finished rendering [  0.02s] model main_dwh.agg_monthly_sales [success]
17:02:36.465707 [debug]: Started analyzing model main_dwh.agg_monthly_sales
17:02:36.466202 [debug]: Finished rendering [  0.02s] model main_dwh.dim_products [success]
17:02:36.466351 [info ]: Finished rendering [  0.35s] (7 nodes, 0 skipped, 0 errors)
17:02:36.467488 [debug]: Started analyzing model main_dwh.dim_products
17:02:36.467542 [debug]: Finished analyzing [  0.01s] model main_dwh.fact_sales [success]
17:02:36.467739 [info ]: Started running model main_dwh.fact_sales
17:02:36.467773 [debug]: Finished analyzing [  0.00s] model main_dwh.dim_locations [success]
17:02:36.467927 [info ]: Started running model main_dwh.dim_locations
17:02:36.468504 [debug]: Finished analyzing [  0.00s] model main_dwh.dim_products [success]
17:02:36.468682 [info ]: Started running model main_dwh.dim_products
17:02:36.468734 [debug]: Finished analyzing [  0.00s] model main_dwh.dim_customers [success]
17:02:36.468916 [info ]: Started running model main_dwh.dim_customers
17:02:36.472895 [debug]: create_debug_span(...).entered() took 68.2µs
17:02:36.473811 [debug]: create_debug_span(...).entered() took 29.3µs
17:02:36.473730 [debug]: Finished analyzing [  0.01s] model main_dwh.agg_monthly_sales [success]
17:02:36.473978 [info ]: Started running model main_dwh.agg_monthly_sales
17:02:36.474285 [debug]: create_debug_span(...).entered() took 22.1µs
17:02:36.474229 [debug]: Finished analyzing [  0.01s] model main_dwh.dim_dates [success]
17:02:36.474416 [debug]: create_debug_span(...).entered() took 16.2µs
17:02:36.474398 [info ]: Finished analyzing [  0.33s] (7 nodes, 0 skipped, 0 errors)
17:02:36.475336 [info ]: Started running model main_dwh.dim_dates
17:02:36.477422 [debug]: stmt.execute() (submit+wait_for_completion, returns reader) took 1.8278ms
17:02:36.477441 [debug]: reader.schema() took 500ns
17:02:36.477528 [debug]: batch-consume loop (for res in reader) took 80.1µs
17:02:36.477575 [debug]: do_execute(conn) (closure: stmt.execute + schema + batch loop) took 4.6272ms
17:02:36.477609 [debug]: concat_batches + normalize_result_column_names took 18.9µs
17:02:36.477628 [debug]: record_current_span_status_from_attrs took 2.7µs
17:02:36.477624 [debug]: stmt.execute() (submit+wait_for_completion, returns reader) took 1.3321ms
17:02:36.477641 [debug]: reader.schema() took 100ns
17:02:36.477642 [debug]: Query executed on node model.superstore.dim_products:
SELECT table_catalog, table_schema, table_name, table_type FROM information_schema.tables WHERE table_schema = 'main_dwh' AND lower(table_catalog) = lower('dev')
17:02:36.477677 [debug]: drop(query_span_guard) (span exit/export) took 39.3µs
17:02:36.477700 [debug]: stmt.execute() (submit+wait_for_completion, returns reader) took 1.2417ms
17:02:36.477714 [debug]: reader.schema() took 200ns
17:02:36.477717 [debug]: batch-consume loop (for res in reader) took 61.6µs
17:02:36.477749 [debug]: do_execute(conn) (closure: stmt.execute + schema + batch loop) took 3.9041ms
17:02:36.477768 [debug]: concat_batches + normalize_result_column_names took 8µs
17:02:36.477774 [debug]: record_current_span_status_from_attrs took 1.3µs
17:02:36.477781 [debug]: Query executed on node model.superstore.dim_locations:
SELECT table_catalog, table_schema, table_name, table_type FROM information_schema.tables WHERE table_schema = 'main_dwh' AND lower(table_catalog) = lower('dev')
17:02:36.477792 [debug]: batch-consume loop (for res in reader) took 67.7µs
17:02:36.477798 [debug]: drop(query_span_guard) (span exit/export) took 18.7µs
17:02:36.477801 [debug]: stmt.execute() (submit+wait_for_completion, returns reader) took 1.1691ms
17:02:36.477811 [debug]: reader.schema() took 200ns
17:02:36.477837 [debug]: do_execute(conn) (closure: stmt.execute + schema + batch loop) took 3.5325ms
17:02:36.477926 [debug]: batch-consume loop (for res in reader) took 108.8µs
17:02:36.477955 [debug]: do_execute(conn) (closure: stmt.execute + schema + batch loop) took 3.5162ms
17:02:36.477969 [debug]: concat_batches + normalize_result_column_names took 9µs
17:02:36.477973 [debug]: record_current_span_status_from_attrs took 1µs
17:02:36.477981 [debug]: Query executed on node model.superstore.fact_sales:
SELECT table_catalog, table_schema, table_name, table_type FROM information_schema.tables WHERE table_schema = 'main_dwh' AND lower(table_catalog) = lower('dev')
17:02:36.477988 [debug]: concat_batches + normalize_result_column_names took 132.2µs
17:02:36.477997 [debug]: drop(query_span_guard) (span exit/export) took 19µs
17:02:36.477998 [debug]: record_current_span_status_from_attrs took 1.3µs
17:02:36.478005 [debug]: Query executed on node model.superstore.dim_customers:
SELECT table_catalog, table_schema, table_name, table_type FROM information_schema.tables WHERE table_schema = 'main_dwh' AND lower(table_catalog) = lower('dev')
17:02:36.478020 [debug]: drop(query_span_guard) (span exit/export) took 16.2µs
17:02:36.481100 [debug]: Writing runtime sql for node "model.superstore.dim_products"
17:02:36.481475 [debug]: Writing runtime sql for node "model.superstore.dim_customers"
17:02:36.481790 [debug]: Writing runtime sql for node "model.superstore.fact_sales"
17:02:36.483002 [debug]: create_debug_span(...).entered() took 38.5µs
17:02:36.483130 [debug]: Writing runtime sql for node "model.superstore.dim_locations"
17:02:36.484091 [debug]: create_debug_span(...).entered() took 18.5µs
17:02:36.484110 [debug]: create_debug_span(...).entered() took 16.8µs
17:02:36.485316 [debug]: create_debug_span(...).entered() took 15.6µs
17:02:36.539990 [debug]: stmt.execute() (submit+wait_for_completion, returns reader) took 53.8803ms
17:02:36.540128 [debug]: reader.schema() took 2.7µs
17:02:36.541605 [debug]: do_execute(conn) (closure: stmt.execute + schema + batch loop) took 58.5549ms
17:02:36.541652 [debug]: concat_batches + normalize_result_column_names took 10.5µs
17:02:36.541671 [debug]: record_current_span_status_from_attrs took 5.1µs
17:02:36.541691 [debug]: Query executed on node model.superstore.dim_products:
/* {"app": "dbt", "dbt_version": "2.0.0", "node_id": "model.superstore.dim_products", "profile_name": "superstore", "target_name": "dev"} */

  
    
    
    create  table
      "dev"."main_dwh"."dim_products__dbt_tmp"
  
    as (
      

select
    product_id,
    any_value(product_name) as product_name,
    any_value(category) as category,
    any_value(sub_category) as sub_category
from "dev"."main_stg"."stg_superstore"
group by product_id
    );
  
    
  
17:02:36.541808 [debug]: drop(query_span_guard) (span exit/export) took 121.5µs
17:02:36.544434 [debug]: create_debug_span(...).entered() took 26.6µs
17:02:36.567964 [debug]: stmt.execute() (submit+wait_for_completion, returns reader) took 79.7538ms
17:02:36.568074 [debug]: reader.schema() took 600ns
17:02:36.568413 [debug]: do_execute(conn) (closure: stmt.execute + schema + batch loop) took 83.0709ms
17:02:36.568438 [debug]: concat_batches + normalize_result_column_names took 6.9µs
17:02:36.568450 [debug]: record_current_span_status_from_attrs took 2.8µs
17:02:36.568464 [debug]: Query executed on node model.superstore.dim_locations:
/* {"app": "dbt", "dbt_version": "2.0.0", "node_id": "model.superstore.dim_locations", "profile_name": "superstore", "target_name": "dev"} */

  
    
    
    create  table
      "dev"."main_dwh"."dim_locations__dbt_tmp"
  
    as (
      

select distinct
    md5(concat_ws('|', country, state, city, coalesce(postal_code, ''), region)) as location_key,
    country,
    state,
    city,
    postal_code,
    region
from "dev"."main_stg"."stg_superstore"
    );
  
    
  
17:02:36.568506 [debug]: drop(query_span_guard) (span exit/export) took 46.6µs
17:02:36.570985 [debug]: stmt.execute() (submit+wait_for_completion, returns reader) took 2.0597ms
17:02:36.571024 [debug]: reader.schema() took 500ns
17:02:36.571104 [debug]: batch-consume loop (for res in reader) took 69.3µs
17:02:36.571167 [debug]: do_execute(conn) (closure: stmt.execute + schema + batch loop) took 26.7012ms
17:02:36.571193 [debug]: concat_batches + normalize_result_column_names took 17.9µs
17:02:36.571207 [debug]: record_current_span_status_from_attrs took 4.9µs
17:02:36.571226 [debug]: Query executed on node model.superstore.dim_products:
/* {"app": "dbt", "dbt_version": "2.0.0", "node_id": "model.superstore.dim_products", "profile_name": "superstore", "target_name": "dev"} */

    SELECT index_name
    FROM duckdb_indexes()
    WHERE schema_name = 'main_dwh'
      AND table_name = 'dim_products'
  
17:02:36.571270 [debug]: drop(query_span_guard) (span exit/export) took 53.9µs
17:02:36.572821 [debug]: create_debug_span(...).entered() took 31µs
17:02:36.573561 [debug]: create_debug_span(...).entered() took 18.2µs
17:02:36.603627 [debug]: stmt.execute() (submit+wait_for_completion, returns reader) took 115.2572ms
17:02:36.603657 [debug]: reader.schema() took 700ns
17:02:36.603980 [debug]: do_execute(conn) (closure: stmt.execute + schema + batch loop) took 119.8551ms
17:02:36.603999 [debug]: concat_batches + normalize_result_column_names took 6µs
17:02:36.604009 [debug]: record_current_span_status_from_attrs took 4.4µs
17:02:36.604017 [debug]: Query executed on node model.superstore.dim_customers:
/* {"app": "dbt", "dbt_version": "2.0.0", "node_id": "model.superstore.dim_customers", "profile_name": "superstore", "target_name": "dev"} */

  
    
    
    create  table
      "dev"."main_dwh"."dim_customers__dbt_tmp"
  
    as (
      

select
    customer_id,
    any_value(customer_name) as customer_name,
    any_value(segment) as segment,
    min(order_date) as first_order_date,
    max(order_date) as most_recent_order_date,
    count(distinct order_id) as number_of_orders,
    round(sum(sales), 2) as lifetime_sales,
    round(sum(profit), 2) as lifetime_profit
from "dev"."main_stg"."stg_superstore"
group by customer_id
    );
  
    
  
17:02:36.604056 [debug]: drop(query_span_guard) (span exit/export) took 41.7µs
17:02:36.604198 [debug]: stmt.execute() (submit+wait_for_completion, returns reader) took 213µs
17:02:36.604211 [debug]: reader.schema() took 200ns
17:02:36.604234 [debug]: batch-consume loop (for res in reader) took 19.2µs
17:02:36.604252 [debug]: do_execute(conn) (closure: stmt.execute + schema + batch loop) took 31.41ms
17:02:36.604260 [debug]: concat_batches + normalize_result_column_names took 4.7µs
17:02:36.604265 [debug]: record_current_span_status_from_attrs took 1µs
17:02:36.604271 [debug]: Query executed on node model.superstore.dim_locations:
/* {"app": "dbt", "dbt_version": "2.0.0", "node_id": "model.superstore.dim_locations", "profile_name": "superstore", "target_name": "dev"} */

    SELECT index_name
    FROM duckdb_indexes()
    WHERE schema_name = 'main_dwh'
      AND table_name = 'dim_locations'
  
17:02:36.604295 [debug]: drop(query_span_guard) (span exit/export) took 22.9µs
17:02:36.604364 [debug]: stmt.execute() (submit+wait_for_completion, returns reader) took 362.7µs
17:02:36.604377 [debug]: reader.schema() took 200ns
17:02:36.604418 [debug]: batch-consume loop (for res in reader) took 35.4µs
17:02:36.604463 [debug]: do_execute(conn) (closure: stmt.execute + schema + batch loop) took 30.8819ms
17:02:36.604480 [debug]: concat_batches + normalize_result_column_names took 9.1µs
17:02:36.604485 [debug]: record_current_span_status_from_attrs took 900ns
17:02:36.604492 [debug]: Query executed on node model.superstore.dim_products:
/* {"app": "dbt", "dbt_version": "2.0.0", "node_id": "model.superstore.dim_products", "profile_name": "superstore", "target_name": "dev"} */

    SELECT COUNT(*) as remaining_indexes
    FROM duckdb_indexes()
    WHERE schema_name = 'main_dwh'
      AND table_name = 'dim_products'
  
17:02:36.604508 [debug]: drop(query_span_guard) (span exit/export) took 18.7µs
17:02:36.605237 [debug]: create_debug_span(...).entered() took 11.8µs
17:02:36.605276 [debug]: create_debug_span(...).entered() took 10.3µs
17:02:36.605727 [debug]: stmt.execute() (submit+wait_for_completion, returns reader) took 148.8µs
17:02:36.605740 [debug]: reader.schema() took 100ns
17:02:36.605763 [debug]: batch-consume loop (for res in reader) took 18.5µs
17:02:36.605778 [debug]: do_execute(conn) (closure: stmt.execute + schema + batch loop) took 525.8µs
17:02:36.605787 [debug]: concat_batches + normalize_result_column_names took 4.3µs
17:02:36.605791 [debug]: record_current_span_status_from_attrs took 1µs
17:02:36.605798 [debug]: Query executed on node model.superstore.dim_customers:
/* {"app": "dbt", "dbt_version": "2.0.0", "node_id": "model.superstore.dim_customers", "profile_name": "superstore", "target_name": "dev"} */

    SELECT index_name
    FROM duckdb_indexes()
    WHERE schema_name = 'main_dwh'
      AND table_name = 'dim_customers'
  
17:02:36.605817 [debug]: drop(query_span_guard) (span exit/export) took 19.9µs
17:02:36.605918 [debug]: stmt.execute() (submit+wait_for_completion, returns reader) took 277.4µs
17:02:36.605935 [debug]: reader.schema() took 100ns
17:02:36.605973 [debug]: batch-consume loop (for res in reader) took 31.8µs
17:02:36.605996 [debug]: do_execute(conn) (closure: stmt.execute + schema + batch loop) took 704.6µs
17:02:36.606005 [debug]: concat_batches + normalize_result_column_names took 2.4µs
17:02:36.606029 [debug]: record_current_span_status_from_attrs took 1.2µs
17:02:36.606036 [debug]: Query executed on node model.superstore.dim_locations:
/* {"app": "dbt", "dbt_version": "2.0.0", "node_id": "model.superstore.dim_locations", "profile_name": "superstore", "target_name": "dev"} */

    SELECT COUNT(*) as remaining_indexes
    FROM duckdb_indexes()
    WHERE schema_name = 'main_dwh'
      AND table_name = 'dim_locations'
  
17:02:36.606053 [debug]: drop(query_span_guard) (span exit/export) took 19.3µs
17:02:36.606480 [debug]: create_debug_span(...).entered() took 9.3µs
17:02:36.606799 [debug]: create_debug_span(...).entered() took 10.5µs
17:02:36.607830 [debug]: create_debug_span(...).entered() took 8.8µs
17:02:36.652632 [debug]: stmt.execute() (submit+wait_for_completion, returns reader) took 165.6245ms
17:02:36.652714 [debug]: reader.schema() took 1.1µs
17:02:36.652994 [debug]: do_execute(conn) (closure: stmt.execute + schema + batch loop) took 168.8754ms
17:02:36.653048 [debug]: concat_batches + normalize_result_column_names took 13.1µs
17:02:36.653071 [debug]: record_current_span_status_from_attrs took 5.9µs
17:02:36.653100 [debug]: Query executed on node model.superstore.fact_sales:
/* {"app": "dbt", "dbt_version": "2.0.0", "node_id": "model.superstore.fact_sales", "profile_name": "superstore", "target_name": "dev"} */

  
    
    
    create  table
      "dev"."main_dwh"."fact_sales__dbt_tmp"
  
    as (
      

select
    s.row_id as sales_line_id,
    s.order_id,
    cast(strftime(s.order_date, '%Y%m%d') as integer) as order_date_key,
    cast(strftime(s.ship_date, '%Y%m%d') as integer) as ship_date_key,
    s.customer_id,
    s.product_id,
    md5(concat_ws('|', s.country, s.state, s.city, coalesce(s.postal_code, ''), s.region)) as location_key,
    s.ship_mode,
    s.quantity,
    s.discount,
    s.sales,
    s.profit,
    s.profit_margin,
    s.shipping_days,
    s.is_profitable
from "dev"."main_stg"."stg_superstore" s
    );
  
    
  
17:02:36.653180 [debug]: drop(query_span_guard) (span exit/export) took 93.7µs
17:02:36.660260 [debug]: create_debug_span(...).entered() took 45.7µs
17:02:36.676634 [debug]: stmt.execute() (submit+wait_for_completion, returns reader) took 69.9555ms
17:02:36.676699 [debug]: reader.schema() took 1.3µs
17:02:36.676758 [debug]: do_execute(conn) (closure: stmt.execute + schema + batch loop) took 70.2603ms
17:02:36.676790 [debug]: concat_batches + normalize_result_column_names took 13.1µs
17:02:36.676810 [debug]: record_current_span_status_from_attrs took 6.4µs
17:02:36.676842 [debug]: Query executed on node model.superstore.dim_products:
/* {"app": "dbt", "dbt_version": "2.0.0", "node_id": "model.superstore.dim_products", "profile_name": "superstore", "target_name": "dev"} */
alter table "dev"."main_dwh"."dim_products" rename to "dim_products__dbt_backup"
17:02:36.676941 [debug]: drop(query_span_guard) (span exit/export) took 103.3µs
17:02:36.677840 [debug]: stmt.execute() (submit+wait_for_completion, returns reader) took 1.0555ms
17:02:36.677902 [debug]: reader.schema() took 900ns
17:02:36.678062 [debug]: batch-consume loop (for res in reader) took 135.4µs
17:02:36.678160 [debug]: do_execute(conn) (closure: stmt.execute + schema + batch loop) took 71.3378ms
17:02:36.678238 [debug]: concat_batches + normalize_result_column_names took 12.5µs
17:02:36.678277 [debug]: record_current_span_status_from_attrs took 6.6µs
17:02:36.678332 [debug]: Query executed on node model.superstore.dim_customers:
/* {"app": "dbt", "dbt_version": "2.0.0", "node_id": "model.superstore.dim_customers", "profile_name": "superstore", "target_name": "dev"} */

    SELECT COUNT(*) as remaining_indexes
    FROM duckdb_indexes()
    WHERE schema_name = 'main_dwh'
      AND table_name = 'dim_customers'
  
17:02:36.678440 [debug]: drop(query_span_guard) (span exit/export) took 130.2µs
17:02:36.685988 [debug]: create_debug_span(...).entered() took 44.8µs
17:02:36.687322 [debug]: create_debug_span(...).entered() took 35.5µs
17:02:36.701307 [debug]: stmt.execute() (submit+wait_for_completion, returns reader) took 24.1942ms
17:02:36.701375 [debug]: reader.schema() took 1µs
17:02:36.701434 [debug]: do_execute(conn) (closure: stmt.execute + schema + batch loop) took 93.5866ms
17:02:36.701464 [debug]: concat_batches + normalize_result_column_names took 12.8µs
17:02:36.701484 [debug]: record_current_span_status_from_attrs took 5.9µs
17:02:36.701510 [debug]: Query executed on node model.superstore.dim_locations:
/* {"app": "dbt", "dbt_version": "2.0.0", "node_id": "model.superstore.dim_locations", "profile_name": "superstore", "target_name": "dev"} */
alter table "dev"."main_dwh"."dim_locations" rename to "dim_locations__dbt_backup"
17:02:36.701590 [debug]: drop(query_span_guard) (span exit/export) took 89.5µs
17:02:36.701910 [debug]: stmt.execute() (submit+wait_for_completion, returns reader) took 23.8592ms
17:02:36.701969 [debug]: reader.schema() took 800ns
17:02:36.702098 [debug]: batch-consume loop (for res in reader) took 105.5µs
17:02:36.702151 [debug]: do_execute(conn) (closure: stmt.execute + schema + batch loop) took 41.8315ms
17:02:36.702189 [debug]: concat_batches + normalize_result_column_names took 12.6µs
17:02:36.702203 [debug]: record_current_span_status_from_attrs took 3.7µs
17:02:36.702220 [debug]: Query executed on node model.superstore.fact_sales:
/* {"app": "dbt", "dbt_version": "2.0.0", "node_id": "model.superstore.fact_sales", "profile_name": "superstore", "target_name": "dev"} */

    SELECT index_name
    FROM duckdb_indexes()
    WHERE schema_name = 'main_dwh'
      AND table_name = 'fact_sales'
  
17:02:36.702272 [debug]: drop(query_span_guard) (span exit/export) took 56.8µs
17:02:36.705712 [debug]: create_debug_span(...).entered() took 30.1µs
17:02:36.707128 [debug]: create_debug_span(...).entered() took 19.8µs
17:02:36.725662 [debug]: stmt.execute() (submit+wait_for_completion, returns reader) took 23.7077ms
17:02:36.725693 [debug]: reader.schema() took 500ns
17:02:36.725721 [debug]: do_execute(conn) (closure: stmt.execute + schema + batch loop) took 39.6799ms
17:02:36.725736 [debug]: concat_batches + normalize_result_column_names took 6.6µs
17:02:36.725746 [debug]: record_current_span_status_from_attrs took 3.8µs
17:02:36.725759 [debug]: Query executed on node model.superstore.dim_customers:
/* {"app": "dbt", "dbt_version": "2.0.0", "node_id": "model.superstore.dim_customers", "profile_name": "superstore", "target_name": "dev"} */
alter table "dev"."main_dwh"."dim_customers" rename to "dim_customers__dbt_backup"
17:02:36.725795 [debug]: drop(query_span_guard) (span exit/export) took 42µs
17:02:36.729874 [debug]: create_debug_span(...).entered() took 19.5µs
17:02:36.750229 [debug]: stmt.execute() (submit+wait_for_completion, returns reader) took 48.1426ms
17:02:36.750252 [debug]: reader.schema() took 500ns
17:02:36.750274 [debug]: do_execute(conn) (closure: stmt.execute + schema + batch loop) took 62.8994ms
17:02:36.750287 [debug]: concat_batches + normalize_result_column_names took 6.9µs
17:02:36.750296 [debug]: record_current_span_status_from_attrs took 4.9µs
17:02:36.750308 [debug]: Query executed on node model.superstore.dim_products:
/* {"app": "dbt", "dbt_version": "2.0.0", "node_id": "model.superstore.dim_products", "profile_name": "superstore", "target_name": "dev"} */
alter table "dev"."main_dwh"."dim_products__dbt_tmp" rename to "dim_products"
17:02:36.750338 [debug]: drop(query_span_guard) (span exit/export) took 36.4µs
17:02:36.750612 [debug]: stmt.execute() (submit+wait_for_completion, returns reader) took 278.4µs
17:02:36.750631 [debug]: reader.schema() took 300ns
17:02:36.750696 [debug]: batch-consume loop (for res in reader) took 56.9µs
17:02:36.750732 [debug]: do_execute(conn) (closure: stmt.execute + schema + batch loop) took 44.9829ms
17:02:36.750742 [debug]: concat_batches + normalize_result_column_names took 2.8µs
17:02:36.750747 [debug]: record_current_span_status_from_attrs took 1.5µs
17:02:36.750753 [debug]: Query executed on node model.superstore.fact_sales:
/* {"app": "dbt", "dbt_version": "2.0.0", "node_id": "model.superstore.fact_sales", "profile_name": "superstore", "target_name": "dev"} */

    SELECT COUNT(*) as remaining_indexes
    FROM duckdb_indexes()
    WHERE schema_name = 'main_dwh'
      AND table_name = 'fact_sales'
  
17:02:36.750773 [debug]: drop(query_span_guard) (span exit/export) took 22.6µs
17:02:36.752768 [debug]: create_debug_span(...).entered() took 15.8µs
17:02:36.753761 [debug]: create_debug_span(...).entered() took 16.4µs
17:02:36.774764 [debug]: stmt.execute() (submit+wait_for_completion, returns reader) took 24.3319ms
17:02:36.774790 [debug]: reader.schema() took 500ns
17:02:36.774813 [debug]: do_execute(conn) (closure: stmt.execute + schema + batch loop) took 44.9167ms
17:02:36.774824 [debug]: concat_batches + normalize_result_column_names took 4.6µs
17:02:36.774833 [debug]: record_current_span_status_from_attrs took 2.6µs
17:02:36.774851 [debug]: Query executed on node model.superstore.dim_customers:
/* {"app": "dbt", "dbt_version": "2.0.0", "node_id": "model.superstore.dim_customers", "profile_name": "superstore", "target_name": "dev"} */
alter table "dev"."main_dwh"."dim_customers__dbt_tmp" rename to "dim_customers"
17:02:36.774878 [debug]: drop(query_span_guard) (span exit/export) took 31.4µs
17:02:36.777767 [debug]: create_debug_span(...).entered() took 12.4µs
17:02:36.799510 [debug]: stmt.execute() (submit+wait_for_completion, returns reader) took 49.0868ms
17:02:36.799531 [debug]: reader.schema() took 500ns
17:02:36.799549 [debug]: do_execute(conn) (closure: stmt.execute + schema + batch loop) took 92.392ms
17:02:36.799558 [debug]: concat_batches + normalize_result_column_names took 4.8µs
17:02:36.799564 [debug]: record_current_span_status_from_attrs took 2.6µs
17:02:36.799572 [debug]: Query executed on node model.superstore.dim_locations:
/* {"app": "dbt", "dbt_version": "2.0.0", "node_id": "model.superstore.dim_locations", "profile_name": "superstore", "target_name": "dev"} */
alter table "dev"."main_dwh"."dim_locations__dbt_tmp" rename to "dim_locations"
17:02:36.799593 [debug]: drop(query_span_guard) (span exit/export) took 24.8µs
17:02:36.802508 [debug]: create_debug_span(...).entered() took 11.7µs
17:02:36.824166 [debug]: stmt.execute() (submit+wait_for_completion, returns reader) took 24.5306ms
17:02:36.824190 [debug]: reader.schema() took 300ns
17:02:36.824212 [debug]: do_execute(conn) (closure: stmt.execute + schema + batch loop) took 70.4269ms
17:02:36.824222 [debug]: concat_batches + normalize_result_column_names took 4.6µs
17:02:36.824228 [debug]: record_current_span_status_from_attrs took 2.6µs
17:02:36.824237 [debug]: Query executed on node model.superstore.dim_products:
/* {"app": "dbt", "dbt_version": "2.0.0", "node_id": "model.superstore.dim_products", "profile_name": "superstore", "target_name": "dev"} */

      drop table if exists "dev"."main_dwh"."dim_products__dbt_backup" cascade
    
17:02:36.824264 [debug]: drop(query_span_guard) (span exit/export) took 31.8µs
17:02:36.825144 [info ]: Finished running [  0.36s] model main_dwh.dim_products [success]
17:02:36.826025 [info ]:  Succeeded model main_dwh.dim_products (table) [7 of 7 in 0.38s]
17:02:36.828262 [debug]: Writing runtime sql for node "model.superstore.agg_monthly_sales"
17:02:36.829402 [debug]: create_debug_span(...).entered() took 11.8µs
17:02:36.848726 [debug]: stmt.execute() (submit+wait_for_completion, returns reader) took 49.064ms
17:02:36.848750 [debug]: reader.schema() took 400ns
17:02:36.848778 [debug]: do_execute(conn) (closure: stmt.execute + schema + batch loop) took 70.9952ms
17:02:36.848791 [debug]: concat_batches + normalize_result_column_names took 7.7µs
17:02:36.848798 [debug]: record_current_span_status_from_attrs took 3.7µs
17:02:36.848808 [debug]: Query executed on node model.superstore.dim_customers:
/* {"app": "dbt", "dbt_version": "2.0.0", "node_id": "model.superstore.dim_customers", "profile_name": "superstore", "target_name": "dev"} */

      drop table if exists "dev"."main_dwh"."dim_customers__dbt_backup" cascade
    
17:02:36.848835 [debug]: drop(query_span_guard) (span exit/export) took 31µs
17:02:36.850057 [info ]: Finished running [  0.38s] model main_dwh.dim_customers [success]
17:02:36.850366 [info ]:  Succeeded model main_dwh.dim_customers (table) [3 of 7 in 0.40s]
17:02:36.854473 [debug]: Writing runtime sql for node "model.superstore.dim_dates"
17:02:36.855946 [debug]: create_debug_span(...).entered() took 15.3µs
17:02:36.873430 [debug]: stmt.execute() (submit+wait_for_completion, returns reader) took 73.8143ms
17:02:36.873455 [debug]: reader.schema() took 700ns
17:02:36.873474 [debug]: do_execute(conn) (closure: stmt.execute + schema + batch loop) took 120.6878ms
17:02:36.873483 [debug]: concat_batches + normalize_result_column_names took 4.9µs
17:02:36.873490 [debug]: record_current_span_status_from_attrs took 2.9µs
17:02:36.873501 [debug]: Query executed on node model.superstore.fact_sales:
/* {"app": "dbt", "dbt_version": "2.0.0", "node_id": "model.superstore.fact_sales", "profile_name": "superstore", "target_name": "dev"} */
alter table "dev"."main_dwh"."fact_sales" rename to "fact_sales__dbt_backup"
17:02:36.873529 [debug]: drop(query_span_guard) (span exit/export) took 35µs
17:02:36.875589 [debug]: create_debug_span(...).entered() took 18.1µs
17:02:36.897895 [debug]: stmt.execute() (submit+wait_for_completion, returns reader) took 24.4684ms
17:02:36.897917 [debug]: reader.schema() took 400ns
17:02:36.897938 [debug]: do_execute(conn) (closure: stmt.execute + schema + batch loop) took 95.4159ms
17:02:36.897946 [debug]: concat_batches + normalize_result_column_names took 4.2µs
17:02:36.897952 [debug]: record_current_span_status_from_attrs took 2.2µs
17:02:36.897959 [debug]: Query executed on node model.superstore.dim_locations:
/* {"app": "dbt", "dbt_version": "2.0.0", "node_id": "model.superstore.dim_locations", "profile_name": "superstore", "target_name": "dev"} */

      drop table if exists "dev"."main_dwh"."dim_locations__dbt_backup" cascade
    
17:02:36.897986 [debug]: drop(query_span_guard) (span exit/export) took 29µs
17:02:36.898707 [info ]: Finished running [  0.43s] model main_dwh.dim_locations [success]
17:02:36.899499 [info ]:  Succeeded model main_dwh.dim_locations (table) [6 of 7 in 0.45s]
17:02:36.922483 [debug]: stmt.execute() (submit+wait_for_completion, returns reader) took 24.3544ms
17:02:36.922504 [debug]: reader.schema() took 400ns
17:02:36.922526 [debug]: do_execute(conn) (closure: stmt.execute + schema + batch loop) took 46.917ms
17:02:36.922539 [debug]: concat_batches + normalize_result_column_names took 6.6µs
17:02:36.922546 [debug]: record_current_span_status_from_attrs took 2.7µs
17:02:36.922556 [debug]: Query executed on node model.superstore.fact_sales:
/* {"app": "dbt", "dbt_version": "2.0.0", "node_id": "model.superstore.fact_sales", "profile_name": "superstore", "target_name": "dev"} */
alter table "dev"."main_dwh"."fact_sales__dbt_tmp" rename to "fact_sales"
17:02:36.922834 [debug]: drop(query_span_guard) (span exit/export) took 280.7µs
17:02:36.927902 [debug]: create_debug_span(...).entered() took 15µs
17:02:36.947290 [debug]: stmt.execute() (submit+wait_for_completion, returns reader) took 49.1721ms
17:02:36.947311 [debug]: reader.schema() took 400ns
17:02:36.947431 [debug]: do_execute(conn) (closure: stmt.execute + schema + batch loop) took 91.4677ms
17:02:36.947448 [debug]: concat_batches + normalize_result_column_names took 5.4µs
17:02:36.947455 [debug]: record_current_span_status_from_attrs took 3.3µs
17:02:36.947465 [debug]: Query executed on node model.superstore.dim_dates:
/* {"app": "dbt", "dbt_version": "2.0.0", "node_id": "model.superstore.dim_dates", "profile_name": "superstore", "target_name": "dev"} */

  
    
    
    create  table
      "dev"."main_dwh"."dim_dates__dbt_tmp"
  
    as (
      

with bounds as (
    select min(order_date) as min_date, max(ship_date) as max_date
    from "dev"."main_stg"."stg_superstore"
),
calendar as (
    select cast(d as date) as date_day
    from bounds,
    unnest(generate_series(min_date, max_date, interval 1 day)) as t(d)
)
select
    cast(strftime(date_day, '%Y%m%d') as integer) as date_key,
    date_day,
    year(date_day) as year,
    quarter(date_day) as quarter,
    month(date_day) as month,
    monthname(date_day) as month_name,
    day(date_day) as day_of_month,
    dayofweek(date_day) as day_of_week,
    weekofyear(date_day) as week_of_year
from calendar
    );
  
    
  
17:02:36.947495 [debug]: drop(query_span_guard) (span exit/export) took 34.5µs
17:02:36.948903 [debug]: create_debug_span(...).entered() took 15.1µs
17:02:36.971865 [debug]: stmt.execute() (submit+wait_for_completion, returns reader) took 73.9251ms
17:02:36.971889 [debug]: reader.schema() took 300ns
17:02:36.972006 [debug]: do_execute(conn) (closure: stmt.execute + schema + batch loop) took 142.5891ms
17:02:36.972020 [debug]: concat_batches + normalize_result_column_names took 5.4µs
17:02:36.972018 [debug]: stmt.execute() (submit+wait_for_completion, returns reader) took 22.6924ms
17:02:36.972027 [debug]: reader.schema() took 200ns
17:02:36.972026 [debug]: record_current_span_status_from_attrs took 2.7µs
17:02:36.972039 [debug]: Query executed on node model.superstore.agg_monthly_sales:
/* {"app": "dbt", "dbt_version": "2.0.0", "node_id": "model.superstore.agg_monthly_sales", "profile_name": "superstore", "target_name": "dev"} */

  
    
    
    create  table
      "dev"."main_dwh"."agg_monthly_sales__dbt_tmp"
  
    as (
      

select
    date_trunc('month', order_date) as month,
    region,
    category,
    count(distinct order_id) as orders,
    sum(quantity) as units_sold,
    round(sum(sales), 2) as sales,
    round(sum(profit), 2) as profit,
    round(sum(profit) / nullif(sum(sales), 0), 4) as profit_margin
from "dev"."main_stg"."stg_superstore"
group by 1, 2, 3
    );
  
    
  
17:02:36.972067 [debug]: drop(query_span_guard) (span exit/export) took 35µs
17:02:36.973113 [debug]: create_debug_span(...).entered() took 11µs
17:02:36.996756 [debug]: stmt.execute() (submit+wait_for_completion, returns reader) took 49.245ms
17:02:36.996778 [debug]: reader.schema() took 300ns
17:02:36.996798 [debug]: do_execute(conn) (closure: stmt.execute + schema + batch loop) took 68.8783ms
17:02:36.996808 [debug]: concat_batches + normalize_result_column_names took 5.1µs
17:02:36.996817 [debug]: record_current_span_status_from_attrs took 3µs
17:02:36.996827 [debug]: Query executed on node model.superstore.fact_sales:
/* {"app": "dbt", "dbt_version": "2.0.0", "node_id": "model.superstore.fact_sales", "profile_name": "superstore", "target_name": "dev"} */

      drop table if exists "dev"."main_dwh"."fact_sales__dbt_backup" cascade
    
17:02:36.996857 [debug]: drop(query_span_guard) (span exit/export) took 34.2µs
17:02:36.996859 [debug]: batch-consume loop (for res in reader) took 24.8225ms
17:02:36.996903 [debug]: do_execute(conn) (closure: stmt.execute + schema + batch loop) took 47.9601ms
17:02:36.996916 [debug]: concat_batches + normalize_result_column_names took 5.7µs
17:02:36.996922 [debug]: record_current_span_status_from_attrs took 1.7µs
17:02:36.996929 [debug]: Query executed on node model.superstore.dim_dates:
/* {"app": "dbt", "dbt_version": "2.0.0", "node_id": "model.superstore.dim_dates", "profile_name": "superstore", "target_name": "dev"} */

    SELECT index_name
    FROM duckdb_indexes()
    WHERE schema_name = 'main_dwh'
      AND table_name = 'dim_dates'
  
17:02:36.996981 [debug]: drop(query_span_guard) (span exit/export) took 53.3µs
17:02:36.997430 [debug]: stmt.execute() (submit+wait_for_completion, returns reader) took 205.3µs
17:02:36.997450 [debug]: reader.schema() took 500ns
17:02:36.997489 [debug]: batch-consume loop (for res in reader) took 33.1µs
17:02:36.997534 [debug]: do_execute(conn) (closure: stmt.execute + schema + batch loop) took 24.4082ms
17:02:36.997553 [debug]: concat_batches + normalize_result_column_names took 7.2µs
17:02:36.997559 [debug]: record_current_span_status_from_attrs took 2.3µs
17:02:36.997565 [debug]: Query executed on node model.superstore.agg_monthly_sales:
/* {"app": "dbt", "dbt_version": "2.0.0", "node_id": "model.superstore.agg_monthly_sales", "profile_name": "superstore", "target_name": "dev"} */

    SELECT index_name
    FROM duckdb_indexes()
    WHERE schema_name = 'main_dwh'
      AND table_name = 'agg_monthly_sales'
  
17:02:36.997590 [debug]: drop(query_span_guard) (span exit/export) took 27.2µs
17:02:36.998144 [debug]: create_debug_span(...).entered() took 10.8µs
17:02:36.998465 [debug]: create_debug_span(...).entered() took 8.2µs
17:02:36.997736 [info ]: Finished running [  0.53s] model main_dwh.fact_sales [success]
17:02:36.998695 [debug]: stmt.execute() (submit+wait_for_completion, returns reader) took 196.1µs
17:02:36.998708 [debug]: reader.schema() took 200ns
17:02:36.998745 [debug]: batch-consume loop (for res in reader) took 31.9µs
17:02:36.998763 [debug]: do_execute(conn) (closure: stmt.execute + schema + batch loop) took 606.4µs
17:02:36.998770 [debug]: concat_batches + normalize_result_column_names took 2.5µs
17:02:36.998774 [debug]: record_current_span_status_from_attrs took 1µs
17:02:36.998779 [debug]: Query executed on node model.superstore.dim_dates:
/* {"app": "dbt", "dbt_version": "2.0.0", "node_id": "model.superstore.dim_dates", "profile_name": "superstore", "target_name": "dev"} */

    SELECT COUNT(*) as remaining_indexes
    FROM duckdb_indexes()
    WHERE schema_name = 'main_dwh'
      AND table_name = 'dim_dates'
  
17:02:36.998794 [debug]: drop(query_span_guard) (span exit/export) took 16.8µs
17:02:36.998924 [debug]: stmt.execute() (submit+wait_for_completion, returns reader) took 146.4µs
17:02:36.998934 [debug]: reader.schema() took 200ns
17:02:36.998961 [debug]: batch-consume loop (for res in reader) took 23µs
17:02:36.998974 [debug]: do_execute(conn) (closure: stmt.execute + schema + batch loop) took 496.6µs
17:02:36.998980 [debug]: concat_batches + normalize_result_column_names took 1.7µs
17:02:36.998983 [debug]: record_current_span_status_from_attrs took 900ns
17:02:36.998988 [debug]: Query executed on node model.superstore.agg_monthly_sales:
/* {"app": "dbt", "dbt_version": "2.0.0", "node_id": "model.superstore.agg_monthly_sales", "profile_name": "superstore", "target_name": "dev"} */

    SELECT COUNT(*) as remaining_indexes
    FROM duckdb_indexes()
    WHERE schema_name = 'main_dwh'
      AND table_name = 'agg_monthly_sales'
  
17:02:36.999005 [debug]: drop(query_span_guard) (span exit/export) took 18.2µs
17:02:36.998618 [info ]:  Succeeded model main_dwh.fact_sales (table) [2 of 7 in 0.55s]
17:02:37.000533 [debug]: create_debug_span(...).entered() took 12.2µs
17:02:37.000611 [debug]: create_debug_span(...).entered() took 10.7µs
17:02:37.032588 [debug]: stmt.execute() (submit+wait_for_completion, returns reader) took 31.8907ms
17:02:37.032624 [debug]: reader.schema() took 400ns
17:02:37.032651 [debug]: do_execute(conn) (closure: stmt.execute + schema + batch loop) took 32.1007ms
17:02:37.032668 [debug]: concat_batches + normalize_result_column_names took 6.3µs
17:02:37.032676 [debug]: record_current_span_status_from_attrs took 3.4µs
17:02:37.032686 [debug]: Query executed on node model.superstore.agg_monthly_sales:
/* {"app": "dbt", "dbt_version": "2.0.0", "node_id": "model.superstore.agg_monthly_sales", "profile_name": "superstore", "target_name": "dev"} */
alter table "dev"."main_dwh"."agg_monthly_sales" rename to "agg_monthly_sales__dbt_backup"
17:02:37.032725 [debug]: drop(query_span_guard) (span exit/export) took 43.5µs
17:02:37.035006 [debug]: create_debug_span(...).entered() took 16.4µs
17:02:37.057131 [debug]: stmt.execute() (submit+wait_for_completion, returns reader) took 56.3736ms
17:02:37.057156 [debug]: reader.schema() took 600ns
17:02:37.057175 [debug]: do_execute(conn) (closure: stmt.execute + schema + batch loop) took 56.5482ms
17:02:37.057185 [debug]: concat_batches + normalize_result_column_names took 5µs
17:02:37.057192 [debug]: record_current_span_status_from_attrs took 2.6µs
17:02:37.057200 [debug]: Query executed on node model.superstore.dim_dates:
/* {"app": "dbt", "dbt_version": "2.0.0", "node_id": "model.superstore.dim_dates", "profile_name": "superstore", "target_name": "dev"} */
alter table "dev"."main_dwh"."dim_dates" rename to "dim_dates__dbt_backup"
17:02:37.057230 [debug]: drop(query_span_guard) (span exit/export) took 33.3µs
17:02:37.059159 [debug]: create_debug_span(...).entered() took 14.9µs
17:02:37.081438 [debug]: stmt.execute() (submit+wait_for_completion, returns reader) took 24.1773ms
17:02:37.081465 [debug]: reader.schema() took 500ns
17:02:37.081487 [debug]: do_execute(conn) (closure: stmt.execute + schema + batch loop) took 46.4593ms
17:02:37.081496 [debug]: concat_batches + normalize_result_column_names took 4.5µs
17:02:37.081502 [debug]: record_current_span_status_from_attrs took 2.5µs
17:02:37.081510 [debug]: Query executed on node model.superstore.agg_monthly_sales:
/* {"app": "dbt", "dbt_version": "2.0.0", "node_id": "model.superstore.agg_monthly_sales", "profile_name": "superstore", "target_name": "dev"} */
alter table "dev"."main_dwh"."agg_monthly_sales__dbt_tmp" rename to "agg_monthly_sales"
17:02:37.081534 [debug]: drop(query_span_guard) (span exit/export) took 28.2µs
17:02:37.085104 [debug]: create_debug_span(...).entered() took 16.3µs
17:02:37.106069 [debug]: stmt.execute() (submit+wait_for_completion, returns reader) took 24.5152ms
17:02:37.106093 [debug]: reader.schema() took 700ns
17:02:37.106111 [debug]: do_execute(conn) (closure: stmt.execute + schema + batch loop) took 46.9336ms
17:02:37.106120 [debug]: concat_batches + normalize_result_column_names took 4.9µs
17:02:37.106127 [debug]: record_current_span_status_from_attrs took 2.9µs
17:02:37.106135 [debug]: Query executed on node model.superstore.dim_dates:
/* {"app": "dbt", "dbt_version": "2.0.0", "node_id": "model.superstore.dim_dates", "profile_name": "superstore", "target_name": "dev"} */
alter table "dev"."main_dwh"."dim_dates__dbt_tmp" rename to "dim_dates"
17:02:37.106159 [debug]: drop(query_span_guard) (span exit/export) took 28.1µs
17:02:37.109297 [debug]: create_debug_span(...).entered() took 15µs
17:02:37.131030 [debug]: stmt.execute() (submit+wait_for_completion, returns reader) took 24.8189ms
17:02:37.131052 [debug]: reader.schema() took 400ns
17:02:37.131073 [debug]: do_execute(conn) (closure: stmt.execute + schema + batch loop) took 45.949ms
17:02:37.131083 [debug]: concat_batches + normalize_result_column_names took 4.8µs
17:02:37.131090 [debug]: record_current_span_status_from_attrs took 3µs
17:02:37.131099 [debug]: Query executed on node model.superstore.agg_monthly_sales:
/* {"app": "dbt", "dbt_version": "2.0.0", "node_id": "model.superstore.agg_monthly_sales", "profile_name": "superstore", "target_name": "dev"} */

      drop table if exists "dev"."main_dwh"."agg_monthly_sales__dbt_backup" cascade
    
17:02:37.131128 [debug]: drop(query_span_guard) (span exit/export) took 32.9µs
17:02:37.132014 [info ]: Finished running [  0.66s] model main_dwh.agg_monthly_sales [success]
17:02:37.132338 [info ]:  Succeeded model main_dwh.agg_monthly_sales (table) [5 of 7 in 0.68s]
17:02:37.155746 [debug]: stmt.execute() (submit+wait_for_completion, returns reader) took 24.5768ms
17:02:37.155820 [debug]: reader.schema() took 1.1µs
17:02:37.155883 [debug]: do_execute(conn) (closure: stmt.execute + schema + batch loop) took 46.5634ms
17:02:37.155915 [debug]: concat_batches + normalize_result_column_names took 12.5µs
17:02:37.155937 [debug]: record_current_span_status_from_attrs took 6.5µs
17:02:37.155964 [debug]: Query executed on node model.superstore.dim_dates:
/* {"app": "dbt", "dbt_version": "2.0.0", "node_id": "model.superstore.dim_dates", "profile_name": "superstore", "target_name": "dev"} */

      drop table if exists "dev"."main_dwh"."dim_dates__dbt_backup" cascade
    
17:02:37.156047 [debug]: drop(query_span_guard) (span exit/export) took 92.7µs
17:02:37.158503 [info ]: Finished running [  0.68s] model main_dwh.dim_dates [success]
17:02:37.160900 [info ]: Finished running [  0.92s] (7 nodes, 0 skipped, 0 errors)
17:02:37.164419 [info ]:  Succeeded model main_dwh.dim_dates (table) [4 of 7 in 0.71s]
17:02:37.870095 [info ]: 
==================== Execution Summary =====================
Finished 'run' successfully for target 'dev' [7.5s]
Processed: 7 models
Summary: 7 total | 7 success
==================== 2026-10-04T17:02:44.258860Z | 01a107de-301b-7e91-80f9-9ba5fb1851ab ====================
17:02:44.485576 [info ]: Running compile; pass `--no-compile` to export the existing index instead.
17:02:44.489422 [info ]: dbt 2.0.6
17:02:44.491812 [debug]: Partial parse: kind filter = None, unique_id filter = None
17:02:44.559138 [debug]: Partial parse: partial-load fast path — no file changes
17:02:44.588664 [info ]: Started scheduling
17:02:44.589434 [info ]: Finished scheduling [  0.00s]
17:02:44.594092 [debug]: Initializing schema store with entry: Frontier(CanonicalFqn { catalog: "dev", schema: "ods", table: "raw_superstore" }) and interval: None
17:02:44.597747 [info ]: Started building task graph
17:02:44.598440 [info ]: Finished building task graph [  0.00s]
17:02:44.605664 [info ]: Started rendering (30 nodes)
17:02:44.606064 [info ]: Started test main_dbt_test__audit.unique_stg_superstore_row_id
17:02:44.606108 [debug]: Started rendering test main_dbt_test__audit.unique_stg_superstore_row_id
17:02:44.606158 [info ]: Started test main_dbt_test__audit.unique_fact_sales_sales_line_id
17:02:44.606168 [debug]: Started rendering test main_dbt_test__audit.unique_fact_sales_sales_line_id
17:02:44.606180 [info ]: Started test main_dbt_test__audit.unique_dim_products_product_id
17:02:44.606186 [debug]: Started rendering test main_dbt_test__audit.unique_dim_products_product_id
17:02:44.606196 [info ]: Started test main_dbt_test__audit.unique_dim_locations_location_key
17:02:44.606205 [debug]: Started rendering test main_dbt_test__audit.unique_dim_locations_location_key
17:02:44.606220 [info ]: Started test main_dbt_test__audit.unique_dim_dates_date_key
17:02:44.606225 [debug]: Started rendering test main_dbt_test__audit.unique_dim_dates_date_key
17:02:44.606236 [info ]: Started test main_dbt_test__audit.unique_dim_customers_customer_id
17:02:44.606310 [debug]: Started rendering test main_dbt_test__audit.unique_dim_customers_customer_id
17:02:44.606484 [info ]: Started test main_dbt_test__audit.relationships_fact_sales_product_id__product_id__ref_dim_products_
17:02:44.606499 [debug]: Started rendering test main_dbt_test__audit.relationships_fact_sales_product_id__product_id__ref_dim_products_
17:02:44.606513 [info ]: Started test main_dbt_test__audit.relationships_fact_sales_location_key__location_key__ref_dim_locations_
17:02:44.606548 [debug]: Started rendering test main_dbt_test__audit.relationships_fact_sales_location_key__location_key__ref_dim_locations_
17:02:44.606563 [info ]: Started test main_dbt_test__audit.relationships_fact_sales_customer_id__customer_id__ref_dim_customers_
17:02:44.606569 [debug]: Started rendering test main_dbt_test__audit.relationships_fact_sales_customer_id__customer_id__ref_dim_customers_
17:02:44.606582 [info ]: Started test main_dbt_test__audit.not_null_stg_superstore_sales
17:02:44.606588 [debug]: Started rendering test main_dbt_test__audit.not_null_stg_superstore_sales
17:02:44.606599 [info ]: Started test main_dbt_test__audit.not_null_stg_superstore_row_id
17:02:44.606605 [debug]: Started rendering test main_dbt_test__audit.not_null_stg_superstore_row_id
17:02:44.606695 [info ]: Started test main_dbt_test__audit.not_null_stg_superstore_product_id
17:02:44.606701 [debug]: Started rendering test main_dbt_test__audit.not_null_stg_superstore_product_id
17:02:44.606731 [info ]: Started test main_dbt_test__audit.not_null_stg_superstore_order_id
17:02:44.606737 [debug]: Started rendering test main_dbt_test__audit.not_null_stg_superstore_order_id
17:02:44.606748 [info ]: Started test main_dbt_test__audit.not_null_stg_superstore_order_date
17:02:44.606772 [debug]: Started rendering test main_dbt_test__audit.not_null_stg_superstore_order_date
17:02:44.606804 [info ]: Started test main_dbt_test__audit.not_null_stg_superstore_customer_id
17:02:44.606812 [debug]: Started rendering test main_dbt_test__audit.not_null_stg_superstore_customer_id
17:02:44.606826 [info ]: Started test main_dbt_test__audit.not_null_fact_sales_sales_line_id
17:02:44.606845 [debug]: Started rendering test main_dbt_test__audit.not_null_fact_sales_sales_line_id
17:02:44.606856 [info ]: Started test main_dbt_test__audit.not_null_fact_sales_product_id
17:02:44.606865 [debug]: Started rendering test main_dbt_test__audit.not_null_fact_sales_product_id
17:02:44.606907 [info ]: Started test main_dbt_test__audit.not_null_fact_sales_location_key
17:02:44.606913 [debug]: Started rendering test main_dbt_test__audit.not_null_fact_sales_location_key
17:02:44.606928 [info ]: Started test main_dbt_test__audit.not_null_fact_sales_customer_id
17:02:44.606936 [debug]: Started rendering test main_dbt_test__audit.not_null_fact_sales_customer_id
17:02:44.606956 [info ]: Started test main_dbt_test__audit.not_null_dim_products_product_id
17:02:44.606973 [debug]: Started rendering test main_dbt_test__audit.not_null_dim_products_product_id
17:02:44.606984 [info ]: Started test main_dbt_test__audit.not_null_dim_locations_location_key
17:02:44.606992 [debug]: Started rendering test main_dbt_test__audit.not_null_dim_locations_location_key
17:02:44.607002 [info ]: Started test main_dbt_test__audit.not_null_dim_dates_date_key
17:02:44.607009 [debug]: Started rendering test main_dbt_test__audit.not_null_dim_dates_date_key
17:02:44.607020 [info ]: Started test main_dbt_test__audit.not_null_dim_customers_customer_id
17:02:44.607028 [debug]: Started rendering test main_dbt_test__audit.not_null_dim_customers_customer_id
17:02:44.607073 [info ]: Started model main_dwh.fact_sales
17:02:44.607083 [debug]: Started rendering model main_dwh.fact_sales
17:02:44.607093 [info ]: Started model main_dwh.dim_products
17:02:44.607099 [debug]: Started rendering model main_dwh.dim_products
17:02:44.607122 [info ]: Started model main_dwh.dim_locations
17:02:44.607131 [debug]: Started rendering model main_dwh.dim_locations
17:02:44.607140 [info ]: Started model main_dwh.dim_dates
17:02:44.607145 [debug]: Started rendering model main_dwh.dim_dates
17:02:44.607164 [info ]: Started model main_dwh.dim_customers
17:02:44.607172 [debug]: Started rendering model main_dwh.dim_customers
17:02:44.607182 [info ]: Started model main_dwh.agg_monthly_sales
17:02:44.607190 [debug]: Started rendering model main_dwh.agg_monthly_sales
17:02:44.607201 [info ]: Started model main_stg.stg_superstore
17:02:44.607213 [debug]: Started rendering model main_stg.stg_superstore
17:02:44.623345 [debug]: Compiled SQL for node model.superstore.stg_superstore at target\compiled\superstore\models\staging\stg_superstore.sql
17:02:44.623603 [debug]: Compiled SQL for node model.superstore.dim_locations at target\compiled\superstore\models\marts\dim_locations.sql
17:02:44.623933 [debug]: Compiled SQL for node model.superstore.dim_customers at target\compiled\superstore\models\marts\dim_customers.sql
17:02:44.624217 [debug]: Compiled SQL for node model.superstore.agg_monthly_sales at target\compiled\superstore\models\marts\agg_monthly_sales.sql
17:02:44.624342 [debug]: Compiled SQL for node model.superstore.fact_sales at target\compiled\superstore\models\marts\fact_sales.sql
17:02:44.624360 [debug]: Compiled SQL for node model.superstore.dim_products at target\compiled\superstore\models\marts\dim_products.sql
17:02:44.624412 [debug]: Compiled SQL for node model.superstore.dim_dates at target\compiled\superstore\models\marts\dim_dates.sql
17:02:44.623700 [debug]: Finished rendering [  0.02s] model main_stg.stg_superstore [success]
17:02:44.624783 [info ]: Started analyzing (30 nodes)
17:02:44.625139 [debug]: Started analyzing model main_stg.stg_superstore
17:02:44.625187 [debug]: Finished rendering [  0.02s] model main_dwh.dim_locations [success]
17:02:44.626084 [debug]: Started analyzing model main_dwh.dim_locations
17:02:44.626109 [debug]: Finished rendering [  0.02s] model main_dwh.dim_customers [success]
17:02:44.627067 [debug]: Started analyzing model main_dwh.dim_customers
17:02:44.627120 [debug]: Finished rendering [  0.02s] model main_dwh.agg_monthly_sales [success]
17:02:44.627655 [debug]: Started analyzing model main_dwh.agg_monthly_sales
17:02:44.627703 [debug]: Finished rendering [  0.02s] model main_dwh.dim_products [success]
17:02:44.628072 [debug]: Started analyzing model main_dwh.dim_products
17:02:44.628096 [debug]: Finished rendering [  0.02s] model main_dwh.fact_sales [success]
17:02:44.628466 [debug]: Started analyzing model main_dwh.fact_sales
17:02:44.628530 [debug]: Finished rendering [  0.02s] model main_dwh.dim_dates [success]
17:02:44.629015 [debug]: Started analyzing model main_dwh.dim_dates
17:02:44.631749 [debug]: Compiled SQL for node test.superstore.not_null_dim_locations_location_key.375a9dc0f3 at target\compiled\superstore\target\generic_tests\not_null_dim_locations_location_key.sql
17:02:44.633371 [debug]: Finished rendering [  0.03s] test main_dbt_test__audit.not_null_dim_locations_location_key [success]
17:02:44.634217 [debug]: Started analyzing test main_dbt_test__audit.not_null_dim_locations_location_key
17:02:44.637163 [debug]: Finished analyzing [  0.01s] model main_dwh.dim_products [success]
17:02:44.637792 [info ]:  Succeeded model main_dwh.dim_products (table) [25 of 30 in 0.03s]
17:02:44.638811 [debug]: Finished analyzing [  0.00s] test main_dbt_test__audit.not_null_dim_locations_location_key [success]
17:02:44.639317 [info ]:  Succeeded test  not_null_dim_locations_location_key (models/marts/schema.yml:17:25) [21 of 30 in 0.03s]
17:02:44.641348 [debug]: Compiled SQL for node test.superstore.not_null_fact_sales_product_id.39101802a8 at target\compiled\superstore\target\generic_tests\not_null_fact_sales_product_id.sql
17:02:44.641653 [debug]: Compiled SQL for node test.superstore.unique_dim_locations_location_key.9d6de2f887 at target\compiled\superstore\target\generic_tests\unique_dim_locations_location_key.sql
17:02:44.640368 [debug]: Finished analyzing [  0.01s] model main_dwh.dim_customers [success]
17:02:44.642101 [info ]:  Succeeded model main_dwh.dim_customers (table) [28 of 30 in 0.03s]
17:02:44.643399 [debug]: Finished rendering [  0.04s] test main_dbt_test__audit.not_null_fact_sales_product_id [success]
17:02:44.644271 [debug]: Started analyzing test main_dbt_test__audit.not_null_fact_sales_product_id
17:02:44.644315 [debug]: Finished analyzing [  0.02s] model main_dwh.dim_locations [success]
17:02:44.645036 [info ]:  Succeeded model main_dwh.dim_locations (table) [26 of 30 in 0.04s]
17:02:44.646438 [debug]: Finished rendering [  0.04s] test main_dbt_test__audit.unique_dim_locations_location_key [success]
17:02:44.647102 [debug]: Started analyzing test main_dbt_test__audit.unique_dim_locations_location_key
17:02:44.647139 [debug]: Finished analyzing [  0.02s] model main_dwh.fact_sales [success]
17:02:44.647491 [info ]:  Succeeded model main_dwh.fact_sales (table) [24 of 30 in 0.04s]
17:02:44.648762 [debug]: Finished analyzing [  0.02s] model main_dwh.agg_monthly_sales [success]
17:02:44.649550 [info ]:  Succeeded model main_dwh.agg_monthly_sales (table) [29 of 30 in 0.04s]
17:02:44.650866 [debug]: Finished analyzing [  0.01s] test main_dbt_test__audit.not_null_fact_sales_product_id [success]
17:02:44.651551 [info ]:  Succeeded test  not_null_fact_sales_product_id (models/marts/schema.yml:37:13) [17 of 30 in 0.04s]
17:02:44.652137 [debug]: Finished analyzing [  0.02s] model main_dwh.dim_dates [success]
17:02:44.652529 [info ]:  Succeeded model main_dwh.dim_dates (table) [27 of 30 in 0.04s]
17:02:44.653179 [debug]: Finished analyzing [  0.01s] test main_dbt_test__audit.unique_dim_locations_location_key [success]
17:02:44.653543 [info ]:  Succeeded test  unique_dim_locations_location_key (models/marts/schema.yml:17:17) [4 of 30 in 0.05s]
17:02:44.668161 [debug]: Finished analyzing [  0.04s] model main_stg.stg_superstore [success]
17:02:44.669061 [info ]:  Succeeded model main_stg.stg_superstore (view) [30 of 30 in 0.06s]
17:02:44.678421 [debug]: Compiled SQL for node test.superstore.not_null_stg_superstore_customer_id.be943af154 at target\compiled\superstore\target\generic_tests\not_null_stg_superstore_customer_id.sql
17:02:44.678448 [debug]: Compiled SQL for node test.superstore.not_null_stg_superstore_order_date.cfd79be3ba at target\compiled\superstore\target\generic_tests\not_null_stg_superstore_order_date.sql
17:02:44.678654 [debug]: Compiled SQL for node test.superstore.not_null_fact_sales_location_key.7da02be8cc at target\compiled\superstore\target\generic_tests\not_null_fact_sales_location_key.sql
17:02:44.678611 [debug]: Finished rendering [  0.07s] test main_dbt_test__audit.not_null_stg_superstore_customer_id [success]
17:02:44.678811 [debug]: Started analyzing test main_dbt_test__audit.not_null_stg_superstore_customer_id
17:02:44.678843 [debug]: Finished rendering [  0.07s] test main_dbt_test__audit.not_null_stg_superstore_order_date [success]
17:02:44.679090 [debug]: Started analyzing test main_dbt_test__audit.not_null_stg_superstore_order_date
17:02:44.679146 [debug]: Finished rendering [  0.07s] test main_dbt_test__audit.not_null_fact_sales_location_key [success]
17:02:44.679305 [debug]: Started analyzing test main_dbt_test__audit.not_null_fact_sales_location_key
17:02:44.679429 [debug]: Compiled SQL for node test.superstore.unique_fact_sales_sales_line_id.f06bce88c4 at target\compiled\superstore\target\generic_tests\unique_fact_sales_sales_line_id.sql
17:02:44.679354 [debug]: Finished analyzing [  0.00s] test main_dbt_test__audit.not_null_stg_superstore_customer_id [success]
17:02:44.679480 [debug]: Compiled SQL for node test.superstore.not_null_stg_superstore_sales.86849a7f58 at target\compiled\superstore\target\generic_tests\not_null_stg_superstore_sales.sql
17:02:44.679795 [debug]: Compiled SQL for node test.superstore.not_null_stg_superstore_order_id.ebbb90b34b at target\compiled\superstore\target\generic_tests\not_null_stg_superstore_order_id.sql
17:02:44.680219 [debug]: Compiled SQL for node test.superstore.not_null_stg_superstore_product_id.cd1f4bba11 at target\compiled\superstore\target\generic_tests\not_null_stg_superstore_product_id.sql
17:02:44.679467 [info ]:  Succeeded test  not_null_stg_superstore_customer_id (models/staging/schema.yml:14:17) [15 of 30 in 0.07s]
17:02:44.680424 [debug]: Compiled SQL for node test.superstore.not_null_fact_sales_sales_line_id.2c2eedaeb9 at target\compiled\superstore\target\generic_tests\not_null_fact_sales_sales_line_id.sql
17:02:44.680387 [debug]: Finished analyzing [  0.00s] test main_dbt_test__audit.not_null_stg_superstore_order_date [success]
17:02:44.680895 [debug]: Compiled SQL for node test.superstore.unique_dim_dates_date_key.61e1d0726d at target\compiled\superstore\target\generic_tests\unique_dim_dates_date_key.sql
17:02:44.680927 [debug]: Compiled SQL for node test.superstore.not_null_fact_sales_customer_id.39febb61fd at target\compiled\superstore\target\generic_tests\not_null_fact_sales_customer_id.sql
17:02:44.681150 [debug]: Compiled SQL for node test.superstore.unique_stg_superstore_row_id.52fbdc42ed at target\compiled\superstore\target\generic_tests\unique_stg_superstore_row_id.sql
17:02:44.680550 [info ]:  Succeeded test  not_null_stg_superstore_order_date (models/staging/schema.yml:12:17) [14 of 30 in 0.07s]
17:02:44.681679 [debug]: Finished rendering [  0.08s] test main_dbt_test__audit.unique_fact_sales_sales_line_id [success]
17:02:44.681818 [debug]: Compiled SQL for node test.superstore.unique_dim_customers_customer_id.15c9f1e2fd at target\compiled\superstore\target\generic_tests\unique_dim_customers_customer_id.sql
17:02:44.681867 [debug]: Compiled SQL for node test.superstore.relationships_fact_sales_customer_id__customer_id__ref_dim_customers_.540baa6d47 at target\compiled\superstore\target\generic_tests\relationships_fact_sales_544ec3fbc8a927546a36edafe911e656.sql
17:02:44.681885 [debug]: Started analyzing test main_dbt_test__audit.unique_fact_sales_sales_line_id
17:02:44.681964 [debug]: Finished rendering [  0.08s] test main_dbt_test__audit.not_null_stg_superstore_sales [success]
17:02:44.682191 [debug]: Compiled SQL for node test.superstore.relationships_fact_sales_location_key__location_key__ref_dim_locations_.17fb246068 at target\compiled\superstore\target\generic_tests\relationships_fact_sales_95815ddc9a650b8016dfbbdf60d3ee44.sql
17:02:44.682249 [debug]: Started analyzing test main_dbt_test__audit.not_null_stg_superstore_sales
17:02:44.682312 [debug]: Finished rendering [  0.08s] test main_dbt_test__audit.not_null_stg_superstore_order_id [success]
17:02:44.683030 [debug]: Started analyzing test main_dbt_test__audit.not_null_stg_superstore_order_id
17:02:44.683106 [debug]: Compiled SQL for node test.superstore.not_null_stg_superstore_row_id.a028666c6e at target\compiled\superstore\target\generic_tests\not_null_stg_superstore_row_id.sql
17:02:44.683082 [debug]: Finished rendering [  0.08s] test main_dbt_test__audit.not_null_stg_superstore_product_id [success]
17:02:44.683268 [debug]: Started analyzing test main_dbt_test__audit.not_null_stg_superstore_product_id
17:02:44.683326 [debug]: Finished rendering [  0.08s] test main_dbt_test__audit.not_null_fact_sales_sales_line_id [success]
17:02:44.683859 [debug]: Started analyzing test main_dbt_test__audit.not_null_fact_sales_sales_line_id
17:02:44.683921 [debug]: Finished rendering [  0.08s] test main_dbt_test__audit.unique_dim_dates_date_key [success]
17:02:44.684103 [debug]: Started analyzing test main_dbt_test__audit.unique_dim_dates_date_key
17:02:44.684207 [debug]: Compiled SQL for node test.superstore.not_null_dim_dates_date_key.8dfe93e348 at target\compiled\superstore\target\generic_tests\not_null_dim_dates_date_key.sql
17:02:44.684158 [debug]: Finished rendering [  0.08s] test main_dbt_test__audit.not_null_fact_sales_customer_id [success]
17:02:44.684308 [debug]: Started analyzing test main_dbt_test__audit.not_null_fact_sales_customer_id
17:02:44.684358 [debug]: Finished rendering [  0.08s] test main_dbt_test__audit.unique_stg_superstore_row_id [success]
17:02:44.684543 [debug]: Started analyzing test main_dbt_test__audit.unique_stg_superstore_row_id
17:02:44.684590 [debug]: Finished analyzing [  0.01s] test main_dbt_test__audit.not_null_fact_sales_location_key [success]
17:02:44.684864 [debug]: Compiled SQL for node test.superstore.relationships_fact_sales_product_id__product_id__ref_dim_products_.c768410e5b at target\compiled\superstore\target\generic_tests\relationships_fact_sales_87c96c8bc9e9c945543d76691d575460.sql
17:02:44.684945 [debug]: Compiled SQL for node test.superstore.not_null_dim_products_product_id.c8aba288d1 at target\compiled\superstore\target\generic_tests\not_null_dim_products_product_id.sql
17:02:44.684945 [debug]: Compiled SQL for node test.superstore.unique_dim_products_product_id.ef7b2a9985 at target\compiled\superstore\target\generic_tests\unique_dim_products_product_id.sql
17:02:44.685246 [debug]: Compiled SQL for node test.superstore.not_null_dim_customers_customer_id.dd91cd1c8d at target\compiled\superstore\target\generic_tests\not_null_dim_customers_customer_id.sql
17:02:44.684742 [info ]:  Succeeded test  not_null_fact_sales_location_key (models/marts/schema.yml:44:13) [18 of 30 in 0.08s]
17:02:44.685864 [debug]: Finished rendering [  0.08s] test main_dbt_test__audit.unique_dim_customers_customer_id [success]
17:02:44.686173 [debug]: Started analyzing test main_dbt_test__audit.unique_dim_customers_customer_id
17:02:44.686255 [debug]: Finished rendering [  0.08s] test main_dbt_test__audit.relationships_fact_sales_customer_id__customer_id__ref_dim_customers_ [success]
17:02:44.686458 [debug]: Started analyzing test main_dbt_test__audit.relationships_fact_sales_customer_id__customer_id__ref_dim_customers_
17:02:44.686513 [debug]: Finished rendering [  0.08s] test main_dbt_test__audit.relationships_fact_sales_location_key__location_key__ref_dim_locations_ [success]
17:02:44.686702 [debug]: Started analyzing test main_dbt_test__audit.relationships_fact_sales_location_key__location_key__ref_dim_locations_
17:02:44.686756 [debug]: Finished analyzing [  0.00s] test main_dbt_test__audit.not_null_stg_superstore_sales [success]
17:02:44.686958 [info ]:  Succeeded test  not_null_stg_superstore_sales (models/staging/schema.yml:18:17) [10 of 30 in 0.08s]
17:02:44.688095 [debug]: Finished rendering [  0.08s] test main_dbt_test__audit.not_null_stg_superstore_row_id [success]
17:02:44.688315 [debug]: Started analyzing test main_dbt_test__audit.not_null_stg_superstore_row_id
17:02:44.688376 [debug]: Finished analyzing [  0.01s] test main_dbt_test__audit.not_null_stg_superstore_order_id [success]
17:02:44.688581 [info ]:  Succeeded test  not_null_stg_superstore_order_id (models/staging/schema.yml:10:17) [13 of 30 in 0.08s]
17:02:44.689524 [debug]: Finished analyzing [  0.01s] test main_dbt_test__audit.not_null_stg_superstore_product_id [success]
17:02:44.689738 [info ]:  Succeeded test  not_null_stg_superstore_product_id (models/staging/schema.yml:16:17) [12 of 30 in 0.08s]
17:02:44.690763 [debug]: Finished analyzing [  0.01s] test main_dbt_test__audit.unique_fact_sales_sales_line_id [success]
17:02:44.690923 [info ]:  Succeeded test  unique_fact_sales_sales_line_id (models/marts/schema.yml:27:17) [2 of 30 in 0.08s]
17:02:44.691798 [debug]: Finished analyzing [  0.01s] test main_dbt_test__audit.not_null_fact_sales_sales_line_id [success]
17:02:44.691944 [info ]:  Succeeded test  not_null_fact_sales_sales_line_id (models/marts/schema.yml:27:25) [16 of 30 in 0.08s]
17:02:44.692982 [debug]: Finished analyzing [  0.01s] test main_dbt_test__audit.not_null_fact_sales_customer_id [success]
17:02:44.693158 [info ]:  Succeeded test  not_null_fact_sales_customer_id (models/marts/schema.yml:30:13) [19 of 30 in 0.09s]
17:02:44.694192 [debug]: Finished rendering [  0.09s] test main_dbt_test__audit.not_null_dim_dates_date_key [success]
17:02:44.694412 [debug]: Started analyzing test main_dbt_test__audit.not_null_dim_dates_date_key
17:02:44.694462 [debug]: Finished analyzing [  0.01s] test main_dbt_test__audit.unique_dim_dates_date_key [success]
17:02:44.694639 [info ]:  Succeeded test  unique_dim_dates_date_key (models/marts/schema.yml:22:17) [5 of 30 in 0.09s]
17:02:44.696032 [debug]: Finished rendering [  0.09s] test main_dbt_test__audit.relationships_fact_sales_product_id__product_id__ref_dim_products_ [success]
17:02:44.696231 [debug]: Started analyzing test main_dbt_test__audit.relationships_fact_sales_product_id__product_id__ref_dim_products_
17:02:44.696289 [debug]: Finished rendering [  0.09s] test main_dbt_test__audit.not_null_dim_products_product_id [success]
17:02:44.696485 [debug]: Started analyzing test main_dbt_test__audit.not_null_dim_products_product_id
17:02:44.696560 [debug]: Finished rendering [  0.09s] test main_dbt_test__audit.unique_dim_products_product_id [success]
17:02:44.696732 [debug]: Started analyzing test main_dbt_test__audit.unique_dim_products_product_id
17:02:44.696789 [debug]: Finished rendering [  0.09s] test main_dbt_test__audit.not_null_dim_customers_customer_id [success]
17:02:44.696933 [info ]: Finished rendering [  0.09s] (30 nodes, 0 skipped, 0 errors)
17:02:44.698155 [debug]: Started analyzing test main_dbt_test__audit.not_null_dim_customers_customer_id
17:02:44.698251 [debug]: Finished analyzing [  0.01s] test main_dbt_test__audit.unique_stg_superstore_row_id [success]
17:02:44.698435 [info ]:  Succeeded test  unique_stg_superstore_row_id (models/staging/schema.yml:8:17) [1 of 30 in 0.09s]
17:02:44.699259 [debug]: Finished analyzing [  0.01s] test main_dbt_test__audit.unique_dim_customers_customer_id [success]
17:02:44.699579 [info ]:  Succeeded test  unique_dim_customers_customer_id (models/marts/schema.yml:7:17) [6 of 30 in 0.09s]
17:02:44.700690 [debug]: Finished analyzing [  0.01s] test main_dbt_test__audit.relationships_fact_sales_location_key__location_key__ref_dim_locations_ [success]
17:02:44.700926 [info ]:  Succeeded test  relationships_fact_sales_location_key__location_key__ref_dim_locations_ (models/marts/schema.yml:45:13) [8 of 30 in 0.09s]
17:02:44.701956 [debug]: Finished analyzing [  0.02s] test main_dbt_test__audit.relationships_fact_sales_customer_id__customer_id__ref_dim_customers_ [success]
17:02:44.702192 [info ]:  Succeeded test  relationships_fact_sales_customer_id__customer_id__ref_dim_customers_ (models/marts/schema.yml:31:13) [9 of 30 in 0.09s]
17:02:44.703028 [debug]: Finished analyzing [  0.01s] test main_dbt_test__audit.not_null_stg_superstore_row_id [success]
17:02:44.703607 [info ]:  Succeeded test  not_null_stg_superstore_row_id (models/staging/schema.yml:8:25) [11 of 30 in 0.10s]
17:02:44.704159 [debug]: Finished analyzing [  0.01s] test main_dbt_test__audit.not_null_dim_dates_date_key [success]
17:02:44.704288 [info ]:  Succeeded test  not_null_dim_dates_date_key (models/marts/schema.yml:22:25) [22 of 30 in 0.10s]
17:02:44.704831 [debug]: Finished analyzing [  0.01s] test main_dbt_test__audit.not_null_dim_products_product_id [success]
17:02:44.704938 [info ]:  Succeeded test  not_null_dim_products_product_id (models/marts/schema.yml:12:25) [20 of 30 in 0.10s]
17:02:44.705405 [debug]: Finished analyzing [  0.01s] test main_dbt_test__audit.relationships_fact_sales_product_id__product_id__ref_dim_products_ [success]
17:02:44.705534 [info ]:  Succeeded test  relationships_fact_sales_product_id__product_id__ref_dim_products_ (models/marts/schema.yml:38:13) [7 of 30 in 0.10s]
17:02:44.706259 [debug]: Finished analyzing [  0.01s] test main_dbt_test__audit.unique_dim_products_product_id [success]
17:02:44.706434 [info ]:  Succeeded test  unique_dim_products_product_id (models/marts/schema.yml:12:17) [3 of 30 in 0.10s]
17:02:44.707246 [debug]: Finished analyzing [  0.01s] test main_dbt_test__audit.not_null_dim_customers_customer_id [success]
17:02:44.707462 [info ]: Finished analyzing [  0.08s] (30 nodes, 0 skipped, 0 errors)
17:02:44.708022 [info ]:  Succeeded test  not_null_dim_customers_customer_id (models/marts/schema.yml:7:25) [23 of 30 in 0.10s]
17:02:44.847799 [debug]: DuckDB driver resolved: duckdb_extended 0.21.0.dev+dbt0.0.31
17:02:47.171730 [info ]: Generated E:\NTI DataOps\tecnical\dbt\project\superstore_project\dbt_superstore\target (reading info_schema/v1/) — no column lineage; rerun with `--static-analysis strict` to include it
17:02:47.172263 [info ]: Host the contents of E:\NTI DataOps\tecnical\dbt\project\superstore_project\dbt_superstore\target on any static file server. Note that this publishes everything else in the target directory too, including compiled SQL and any stored test failures.
17:02:47.245171 [info ]: 
==================== Execution Summary =====================
Finished 'docs' successfully [3.0s]
==================== 2026-10-04T17:02:52.946775Z | 01a107de-520c-7250-8c1d-3f11189759c7 ====================
17:02:53.197425 [debug]: DuckDB driver resolved: duckdb_extended 0.21.0.dev+dbt0.0.31
17:02:54.833359 [info ]: started
